Author,Date
cketti,2017-01-30 03:32:40+01:00
cketti,2018-06-21 01:53:52+02:00
cketti,2018-06-21 15:12:50+02:00
cketti,2020-06-02 17:06:24+02:00
cketti,2020-06-02 17:08:11+02:00
cketti,2020-06-02 17:08:33+02:00
cketti,2022-03-03 22:52:49+01:00
cketti,2015-01-09 16:16:00+01:00
Vincent Breitmoser,2016-07-20 00:36:16+02:00
Philip Whitehouse,2017-01-22 19:07:32+00:00
cketti,2017-01-29 23:04:36+01:00
cketti,2017-04-29 02:28:33+02:00
cketti,2017-10-25 04:13:52+02:00
cketti,2017-11-01 19:34:11+01:00
cketti,2018-01-04 03:39:29+01:00
cketti,2018-01-04 04:50:23+01:00
cketti,2018-01-04 05:07:41+01:00
Philip Whitehouse,2018-01-06 15:13:04+00:00
Philip Whitehouse,2018-01-10 00:13:04+00:00
Philip Whitehouse,2018-01-22 13:11:54+00:00
cketti,2018-04-08 17:26:21+02:00
Philip Whitehouse,2018-04-16 00:33:19+01:00
cketti,2018-06-21 01:53:52+02:00
cketti,2018-06-21 15:12:50+02:00
cketti,2020-06-02 16:51:55+02:00
cketti,2020-06-02 17:01:43+02:00
cketti,2020-06-02 17:02:42+02:00
cketti,2020-09-20 16:36:39+02:00
cketti,2020-09-20 16:58:54+02:00
cketti,2020-10-16 16:30:51+02:00
cketti,2022-01-26 03:44:15+01:00
cketti,2022-02-05 17:34:32+01:00
cketti,2022-03-03 22:52:49+01:00
cketti,2017-04-29 02:28:33+02:00
cketti,2018-01-04 03:35:43+01:00
cketti,2018-06-21 01:53:52+02:00
cketti,2018-06-21 15:12:50+02:00
cketti,2020-04-15 22:23:24+02:00
cketti,2022-01-26 02:44:04+01:00
cketti,2022-01-26 02:44:04+01:00
cketti,2022-01-26 03:44:15+01:00
cketti,2022-03-03 22:52:49+01:00
cketti,2018-05-17 17:59:58+02:00
cketti,2018-06-21 01:53:52+02:00
cketti,2018-06-21 15:12:50+02:00
cketti,2018-07-01 13:39:01+02:00
cketti,2018-11-10 16:06:17+01:00
cketti,2018-11-12 18:28:59+01:00
cketti,2019-02-09 05:23:37+01:00
cketti,2019-11-19 18:32:29+01:00
cketti,2019-11-26 21:54:43+01:00
cketti,2020-01-27 01:40:33+01:00
cketti,2020-04-30 21:00:40+02:00
cketti,2020-05-19 01:03:32+02:00
cketti,2020-06-12 19:29:44+02:00
cketti,2020-10-16 16:30:51+02:00
cketti,2021-04-22 01:32:24+02:00
cketti,2022-03-03 21:29:23+01:00
cketti,2018-04-05 23:59:08+02:00
cketti,2018-06-21 01:53:52+02:00
cketti,2018-06-21 15:12:50+02:00
cketti,2018-07-01 13:39:01+02:00
ByteHamster,2018-09-13 01:40:30+02:00
cketti,2018-09-17 14:33:35+02:00
ByteHamster,2018-12-02 17:22:31+01:00
cketti,2019-02-09 05:23:37+01:00
cketti,2019-11-17 01:40:36+01:00
cketti,2019-11-26 21:54:43+01:00
ByteHamster,2019-12-09 23:51:43+01:00
ByteHamster,2020-02-07 18:31:58+01:00
ByteHamster,2020-02-08 11:19:08+01:00
cketti,2020-03-05 13:50:46+01:00
cketti,2020-03-10 21:57:34+01:00
cketti,2020-05-19 01:03:32+02:00
cketti,2020-05-19 01:25:03+02:00
cketti,2022-03-04 00:23:32+01:00
cketti,2015-07-03 04:36:25+02:00
cketti,2015-07-13 10:40:58+02:00
cketti,2015-08-03 02:23:17+02:00
cketti,2015-09-24 21:38:10+02:00
cketti,2015-09-24 22:02:04+02:00
cketti,2015-09-27 14:10:31+02:00
cketti,2015-09-27 15:01:27+02:00
Philip,2016-10-07 23:54:15+01:00
Philip Whitehouse,2017-01-23 21:59:34+00:00
cketti,2018-06-21 01:53:52+02:00
cketti,2018-06-21 15:12:50+02:00
cketti,2018-06-30 19:57:13+02:00
BO41,2018-09-02 21:00:20+02:00
cketti,2021-08-24 04:00:19+02:00
cketti,2021-08-24 04:00:19+02:00
cketti,2021-09-13 17:47:07+02:00
cketti,2021-10-07 19:43:07+02:00
cketti,2021-10-18 17:06:17+02:00
cketti,2021-10-18 16:53:01+02:00
cketti,2021-11-30 01:46:53+01:00
cketti,2021-12-01 01:18:42+01:00
cketti,2022-01-10 21:52:00+01:00
cketti,2022-03-03 16:55:36+01:00
cketti,2021-10-18 16:53:01+02:00
cketti,2021-12-01 01:18:42+01:00
cketti,2022-03-03 16:55:36+01:00
cketti,2021-10-18 16:53:01+02:00
cketti,2021-11-30 01:46:53+01:00
cketti,2021-12-01 01:18:42+01:00
cketti,2022-01-10 21:52:00+01:00
cketti,2022-03-03 16:55:36+01:00
cketti,2021-10-18 16:53:01+02:00
cketti,2021-11-30 01:46:53+01:00
cketti,2021-12-01 01:18:42+01:00
cketti,2022-03-03 16:55:36+01:00
cketti,2021-10-30 02:31:37+02:00
cketti,2022-03-01 19:22:19+01:00
Oji Ofong,2018-11-10 09:40:46-05:00
Oji Ofong,2018-11-10 09:42:24-05:00
cketti,2018-11-14 02:30:55+01:00
cketti,2018-11-14 02:44:34+01:00
cketti,2018-11-14 02:55:32+01:00
Vincent Breitmoser,2018-11-30 17:50:27+01:00
Wiktor Kwapisiewicz,2018-12-21 16:20:04+01:00
cketti,2019-02-09 05:23:37+01:00
cketti,2019-11-26 21:54:43+01:00
cketti,2021-03-10 20:40:37+01:00
cketti,2021-12-13 21:00:09+01:00
cketti,2021-12-14 01:40:43+01:00
cketti,2021-12-14 02:11:47+01:00
cketti,2021-12-22 02:59:27+01:00
cketti,2022-02-01 19:46:01+01:00
cketti,2022-02-07 19:22:03+01:00
cketti,2022-02-08 19:12:06+01:00
cketti,2022-02-08 20:03:24+01:00
cketti,2022-02-07 20:01:17+01:00
cketti,2022-02-15 21:21:18+01:00
cketti,2022-02-21 17:11:14+01:00
cketti,2022-02-25 19:05:20+01:00
Jesse Vincent,2008-10-28 01:04:44+00:00
Jesse Vincent,2008-10-28 01:11:05+00:00
Jesse Vincent,2008-10-28 01:19:26+00:00
Jesse Vincent,2008-10-28 01:19:57+00:00
Jesse Vincent,2008-10-28 01:22:17+00:00
Jesse Vincent,2008-10-28 02:14:16+00:00
Jesse Vincent,2008-11-01 21:23:45+00:00
Jesse Vincent,2008-11-01 21:32:06+00:00
Jesse Vincent,2008-11-01 21:34:50+00:00
Matthew Brace,2008-12-11 05:25:59+00:00
Bao-Long Nguyen-Trong,2008-12-14 06:18:24+00:00
Bao-Long Nguyen-Trong,2008-12-14 06:23:03+00:00
Bao-Long Nguyen-Trong,2008-12-14 06:29:28+00:00
Jesse Vincent,2008-12-16 23:07:33+00:00
Jesse Vincent,2008-12-16 23:08:52+00:00
Jesse Vincent,2008-12-16 23:09:23+00:00
Jesse Vincent,2008-12-16 23:34:01+00:00
Bao-Long Nguyen-Trong,2008-12-19 22:30:55+00:00
Daniel Applebaum,2008-12-31 03:49:09+00:00
Daniel Applebaum,2008-12-31 16:05:03+00:00
Daniel Applebaum,2009-01-03 01:47:24+00:00
Daniel Applebaum,2009-01-07 06:02:04+00:00
Daniel Applebaum,2009-01-07 06:36:46+00:00
Daniel Applebaum,2009-01-09 05:39:43+00:00
Daniel Applebaum,2009-01-11 23:43:32+00:00
Daniel Applebaum,2009-01-13 05:52:37+00:00
Daniel Applebaum,2009-01-18 16:42:55+00:00
Daniel Applebaum,2009-01-24 18:52:58+00:00
Daniel Applebaum,2009-01-27 03:13:54+00:00
Daniel Applebaum,2009-01-29 13:35:43+00:00
Daniel Applebaum,2009-02-01 00:08:14+00:00
Daniel Applebaum,2009-02-04 04:56:11+00:00
Daniel Applebaum,2009-02-06 04:28:29+00:00
Daniel Applebaum,2009-02-07 19:41:33+00:00
Daniel Applebaum,2009-02-10 03:18:42+00:00
Matthew Brace,2009-02-12 22:59:02+00:00
Daniel Applebaum,2009-02-24 05:03:28+00:00
Daniel Applebaum,2009-03-05 07:32:45+00:00
Daniel Applebaum,2009-03-05 13:43:05+00:00
Daniel Applebaum,2009-03-07 07:20:15+00:00
Daniel Applebaum,2009-04-01 03:25:16+00:00
Daniel Applebaum,2009-04-09 17:48:05+00:00
Daniel Applebaum,2009-04-11 02:11:17+00:00
Daniel Applebaum,2009-04-17 03:22:45+00:00
Daniel Applebaum,2009-04-21 04:22:02+00:00
Daniel Applebaum,2009-05-05 00:42:05+00:00
Daniel Applebaum,2009-05-09 15:22:36+00:00
Bao-Long Nguyen-Trong,2009-05-10 05:47:26+00:00
Bao-Long Nguyen-Trong,2009-05-11 04:39:03+00:00
Bao-Long Nguyen-Trong,2009-05-11 23:31:59+00:00
Bao-Long Nguyen-Trong,2009-05-20 04:27:51+00:00
Bao-Long Nguyen-Trong,2009-05-21 20:02:44+00:00
Jesse Vincent,2009-06-01 01:35:05+00:00
Bao-Long Nguyen-Trong,2009-06-23 14:57:16+00:00
Daniel Applebaum,2009-07-24 03:48:49+00:00
Daniel Applebaum,2009-09-16 12:31:52+00:00
Daniel Applebaum,2009-09-17 03:43:02+00:00
Daniel Applebaum,2009-09-24 01:06:24+00:00
Bao-Long Nguyen-Trong,2009-09-25 19:12:37+00:00
Bao-Long Nguyen-Trong,2009-10-19 19:35:31+00:00
Bao-Long Nguyen-Trong,2009-10-20 04:59:02+00:00
Bao-Long Nguyen-Trong,2009-10-21 04:48:28+00:00
Daniel Applebaum,2009-10-22 00:41:06+00:00
Daniel Applebaum,2009-11-03 03:21:42+00:00
Bao-Long Nguyen-Trong,2009-11-09 03:52:59+00:00
Daniel Applebaum,2009-11-13 13:52:09+00:00
Daniel Applebaum,2009-11-14 14:25:09+00:00
Jesse Vincent,2009-11-17 16:54:50+00:00
Jesse Vincent,2009-11-18 03:06:23+00:00
Bao-Long Nguyen-Trong,2009-11-21 00:11:57+00:00
Daniel Applebaum,2009-11-22 17:01:04+00:00
Daniel Applebaum,2009-11-22 17:15:11+00:00
Daniel Applebaum,2009-11-22 19:02:57+00:00
Daniel Applebaum,2009-11-23 03:17:03+00:00
Jesse Vincent,2009-11-25 00:40:29+00:00
Daniel Applebaum,2009-11-26 05:10:12+00:00
Daniel Applebaum,2009-11-26 05:30:13+00:00
Bao-Long Nguyen-Trong,2009-11-26 15:47:58+00:00
Daniel Applebaum,2009-11-28 14:51:44+00:00
Daniel Applebaum,2009-11-29 16:55:35+00:00
Daniel Applebaum,2009-11-29 18:07:34+00:00
Jesse Vincent,2009-11-30 04:02:51+00:00
Daniel Applebaum,2009-11-30 04:57:29+00:00
Daniel Applebaum,2009-11-30 23:37:46+00:00
Daniel Applebaum,2009-12-02 04:09:51+00:00
Daniel Applebaum,2009-12-04 04:22:07+00:00
Daniel Applebaum,2009-12-05 14:17:32+00:00
Jesse Vincent,2009-12-06 22:41:19+00:00
Jesse Vincent,2009-12-07 00:56:06+00:00
Jesse Vincent,2009-12-10 03:16:42+00:00
Bao-Long Nguyen-Trong,2009-12-15 00:03:22+00:00
Jesse Vincent,2009-12-15 02:50:53+00:00
Bao-Long Nguyen-Trong,2009-12-15 19:43:46+00:00
Jesse Vincent,2009-12-18 02:32:17+00:00
Jesse Vincent,2009-12-18 02:33:18+00:00
Jesse Vincent,2009-12-18 02:34:13+00:00
Jesse Vincent,2009-12-18 02:34:50+00:00
Jesse Vincent,2009-12-18 02:35:46+00:00
Jesse Vincent,2009-12-18 02:36:37+00:00
Daniel Applebaum,2009-12-20 00:02:46+00:00
Jesse Vincent,2009-12-20 05:41:43+00:00
Daniel Applebaum,2009-12-20 23:13:49+00:00
Daniel Applebaum,2009-12-24 18:08:23+00:00
Jesse Vincent,2009-12-27 16:51:45+00:00
Jesse Vincent,2009-12-27 16:51:59+00:00
Jesse Vincent,2009-12-27 16:52:06+00:00
Jesse Vincent,2009-12-27 16:52:17+00:00
Jesse Vincent,2009-12-27 16:53:59+00:00
Jesse Vincent,2009-12-27 17:22:51+00:00
Daniel Applebaum,2009-12-27 20:19:41+00:00
Jesse Vincent,2010-01-03 01:50:32+00:00
Jesse Vincent,2010-01-03 01:50:41+00:00
Jesse Vincent,2010-01-03 01:50:51+00:00
Daniel Applebaum,2010-01-04 00:41:26+00:00
Daniel Applebaum,2010-01-06 04:54:24+00:00
Daniel Applebaum,2010-01-06 05:41:19+00:00
Daniel Applebaum,2010-01-08 16:55:36+00:00
Jesse Vincent,2010-01-14 01:07:28+00:00
Daniel Applebaum,2010-01-16 16:22:20+00:00
Jesse Vincent,2010-01-17 04:20:39+00:00
Jesse Vincent,2010-01-18 00:11:02+00:00
Jesse Vincent,2010-01-21 18:49:11+00:00
Daniel Applebaum,2010-01-23 17:39:28+00:00
Daniel Applebaum,2010-01-23 17:54:11+00:00
Daniel Applebaum,2010-01-23 23:44:03+00:00
Jesse Vincent,2010-01-26 02:48:22+00:00
Jesse Vincent,2010-01-28 00:29:12+00:00
Jesse Vincent,2010-01-28 00:29:27+00:00
Jesse Vincent,2010-01-29 03:57:37+00:00
cketti,2010-02-03 23:27:33+00:00
Daniel Applebaum,2010-02-06 05:35:15+00:00
Bao-Long Nguyen-Trong,2010-02-06 14:49:36+00:00
Bao-Long Nguyen-Trong,2010-02-06 15:22:59+00:00
Bao-Long Nguyen-Trong,2010-02-07 06:05:11+00:00
Daniel Applebaum,2010-02-09 03:03:40+00:00
Daniel Applebaum,2010-02-13 15:14:28+00:00
Jesse Vincent,2010-02-18 03:28:31+00:00
Daniel Applebaum,2010-03-04 04:00:30+00:00
Daniel Applebaum,2010-03-13 05:00:01+00:00
Jesse Vincent,2010-03-23 02:41:45+00:00
Jesse Vincent,2010-03-24 01:11:58+00:00
Daniel Applebaum,2010-03-30 02:58:21+00:00
Daniel Applebaum,2010-04-06 02:35:42+00:00
Daniel Applebaum,2010-04-06 02:54:48+00:00
Daniel Applebaum,2010-04-14 13:02:04+00:00
Daniel Applebaum,2010-04-15 03:17:25+00:00
cketti,2010-04-16 12:20:10+00:00
Daniel Applebaum,2010-04-16 14:33:54+00:00
Daniel Applebaum,2010-04-17 03:32:17+00:00
Daniel Applebaum,2010-04-22 02:20:35+00:00
Daniel Applebaum,2010-04-22 04:58:50+00:00
Daniel Applebaum,2010-04-24 04:35:39+00:00
Daniel Applebaum,2010-04-24 19:10:57+00:00
Daniel Applebaum,2010-04-25 14:47:10+00:00
Daniel Applebaum,2010-04-25 16:33:32+00:00
Daniel Applebaum,2010-04-25 16:43:11+00:00
Daniel Applebaum,2010-04-25 17:52:59+00:00
Jesse Vincent,2010-04-29 04:59:14+00:00
Daniel Applebaum,2010-05-01 20:06:52+00:00
Daniel Applebaum,2010-05-01 23:20:54+00:00
Daniel Applebaum,2010-05-02 05:37:48+00:00
Daniel Applebaum,2010-05-06 11:29:26+00:00
Daniel Applebaum,2010-05-06 13:24:13+00:00
cketti,2010-05-06 13:27:42+00:00
Daniel Applebaum,2010-05-09 15:27:41+00:00
Daniel Applebaum,2010-05-11 04:13:23+00:00
Jesse Vincent,2010-05-12 02:51:59+00:00
Jesse Vincent,2010-05-12 03:06:11+00:00
Daniel Applebaum,2010-05-12 04:17:52+00:00
Daniel Applebaum,2010-05-12 05:35:08+00:00
Daniel Applebaum,2010-05-15 19:35:07+00:00
Jesse Vincent,2010-05-15 19:46:16+00:00
Jesse Vincent,2010-05-15 20:35:59+00:00
Daniel Applebaum,2010-05-17 00:30:32+00:00
cketti,2010-05-19 13:31:48+00:00
cketti,2010-05-19 18:17:06+00:00
cketti,2010-05-19 18:32:30+00:00
Daniel Applebaum,2010-05-22 22:00:06+00:00
Jesse Vincent,2010-05-29 21:56:17+00:00
Jesse Vincent,2010-05-30 04:17:00+00:00
Daniel Applebaum,2010-05-30 16:56:50+00:00
Daniel Applebaum,2010-05-30 21:20:47+00:00
Daniel Applebaum,2010-05-31 15:21:51+00:00
Jesse Vincent,2010-06-08 02:37:18+00:00
cketti,2010-06-17 12:42:22+00:00
Daniel Applebaum,2010-06-30 00:16:59+00:00
Koji Arai,2010-07-02 14:47:01+00:00
Daniel Applebaum,2010-07-03 13:10:38+00:00
Jesse Vincent,2010-07-06 10:29:26+00:00
Jesse Vincent,2010-07-08 15:49:26+00:00
Jesse Vincent,2010-07-10 16:40:55+00:00
Jesse Vincent,2010-07-10 16:41:07+00:00
Jesse Vincent,2010-07-10 16:41:34+00:00
Jesse Vincent,2010-07-10 16:41:48+00:00
Jesse Vincent,2010-07-10 16:42:12+00:00
Jesse Vincent,2010-07-10 16:42:39+00:00
Jesse Vincent,2010-07-10 16:42:54+00:00
Jesse Vincent,2010-07-10 17:10:24+00:00
Jesse Vincent,2010-07-11 11:59:14+00:00
Jesse Vincent,2010-07-13 21:17:04+00:00
Jesse Vincent,2010-07-13 21:17:10+00:00
Jesse Vincent,2010-07-13 21:54:11+00:00
Jesse Vincent,2010-07-13 23:59:14+00:00
Jesse Vincent,2010-07-15 03:42:01+00:00
Jesse Vincent,2010-07-15 03:42:05+00:00
Jesse Vincent,2010-07-15 03:42:09+00:00
Jesse Vincent,2010-07-15 03:42:13+00:00
Jesse Vincent,2010-07-16 00:38:32+00:00
Jesse Vincent,2010-07-19 01:52:18+00:00
Jesse Vincent,2010-07-19 01:52:59+00:00
Jesse Vincent,2010-07-19 01:54:23+00:00
Jesse Vincent,2010-07-19 01:57:49+00:00
Jesse Vincent,2010-07-27 01:27:45+00:00
Jesse Vincent,2010-07-27 01:27:54+00:00
Jesse Vincent,2010-08-02 01:27:40+00:00
Fiouz,2010-08-02 11:55:31+00:00
Jesse Vincent,2010-08-08 18:50:31+00:00
Jesse Vincent,2010-08-08 19:14:47+00:00
Jesse Vincent,2010-08-08 19:14:52+00:00
Jesse Vincent,2010-08-08 19:35:18+00:00
Jesse Vincent,2010-08-08 19:43:01+00:00
Jesse Vincent,2010-08-08 23:49:27+00:00
Jesse Vincent,2010-08-10 04:29:18+00:00
Jesse Vincent,2010-08-18 02:48:55+00:00
Koji Arai,2010-08-28 14:00:34+00:00
cketti,2010-08-28 21:15:23+00:00
Jesse Vincent,2010-08-29 16:57:13+00:00
Jesse Vincent,2010-08-29 23:39:26+00:00
Jesse Vincent,2010-08-29 23:40:00+00:00
Jesse Vincent,2010-08-29 23:40:14+00:00
Koji Arai,2010-08-30 14:37:34+00:00
Fiouz,2010-09-01 22:26:36+00:00
Fiouz,2010-09-01 22:37:11+00:00
Fiouz,2010-09-11 11:20:50+00:00
Fiouz,2010-09-19 20:54:43+00:00
Marcus Wolschon,2010-09-20 11:47:02+00:00
Jesse Vincent,2010-09-22 15:43:43+00:00
Fiouz,2010-10-02 07:45:11+00:00
Jesse Vincent,2010-10-05 06:04:28+00:00
Jesse Vincent,2010-10-23 15:19:47+00:00
Jesse Vincent,2010-10-24 01:03:29+00:00
Jesse Vincent,2010-10-24 02:01:13+00:00
Jesse Vincent,2010-10-25 03:18:51+00:00
Jesse Vincent,2010-10-25 03:19:19+00:00
Jesse Vincent,2010-10-25 03:20:03+00:00
Jesse Vincent,2010-10-29 22:34:59+00:00
cketti,2010-11-04 03:11:34+00:00
Jesse Vincent,2010-11-12 21:37:58+00:00
Jesse Vincent,2010-11-12 21:38:02+00:00
Jesse Vincent,2010-11-12 23:41:33+00:00
Jesse Vincent,2010-11-12 23:41:43+00:00
Jesse Vincent,2010-11-13 01:46:55+00:00
Jesse Vincent,2010-11-13 01:47:02+00:00
Jesse Vincent,2010-11-13 01:47:08+00:00
Jesse Vincent,2010-11-13 21:40:56+00:00
Jesse Vincent,2010-11-14 00:49:08+00:00
Jesse Vincent,2010-11-14 00:49:15+00:00
Jesse Vincent,2010-11-14 00:49:18+00:00
Jesse Vincent,2010-11-14 00:49:21+00:00
Jesse Vincent,2010-11-15 01:31:11+00:00
Jesse Vincent,2010-11-17 03:41:37+00:00
Jesse Vincent,2010-11-28 20:28:42+00:00
Jesse Vincent,2010-11-28 20:28:46+00:00
Jesse Vincent,2010-11-28 20:28:50+00:00
Jesse Vincent,2010-11-28 20:28:53+00:00
Jesse Vincent,2010-11-28 20:28:58+00:00
Jesse Vincent,2010-11-28 20:29:02+00:00
Jesse Vincent,2010-11-28 20:29:05+00:00
Jesse Vincent,2010-11-28 20:29:09+00:00
Jesse Vincent,2010-11-28 20:29:14+00:00
Jesse Vincent,2010-11-28 21:48:21+00:00
Jesse Vincent,2010-11-28 21:48:25+00:00
Jesse Vincent,2010-11-29 02:21:16+00:00
Jesse Vincent,2010-12-01 03:02:13+00:00
Jesse Vincent,2010-12-01 03:03:22+00:00
Jesse Vincent,2010-12-01 03:04:57+00:00
Jesse Vincent,2010-12-01 03:06:50+00:00
Jesse Vincent,2010-12-01 03:07:28+00:00
Jesse Vincent,2010-12-01 06:04:16+00:00
Jesse Vincent,2010-12-01 06:04:22+00:00
Jesse Vincent,2010-12-01 06:04:28+00:00
Jesse Vincent,2010-12-01 06:32:29+00:00
Marcus Wolschon,2010-12-06 09:25:23+00:00
Fiouz,2010-12-14 19:26:37+00:00
Fiouz,2010-12-18 10:12:52+00:00
Jesse Vincent,2010-12-19 01:30:03+00:00
Jesse Vincent,2010-12-19 01:30:07+00:00
Jesse Vincent,2010-12-19 01:30:11+00:00
Fiouz,2010-12-19 11:51:54+00:00
Fiouz,2010-12-20 21:34:01+00:00
Jesse Vincent,2010-12-24 18:55:05+00:00
Andrew Chen,2011-01-02 09:01:23+00:00
Andrew Chen,2011-01-12 01:23:17+00:00
Jesse Vincent,2011-01-16 21:33:46+00:00
Jesse Vincent,2011-01-16 21:33:50+00:00
Jesse Vincent,2011-01-16 21:33:54+00:00
cketti,2011-01-18 23:54:49+00:00
cketti,2011-01-19 00:57:12+00:00
cketti,2011-01-19 01:30:13+00:00
Jesse Vincent,2011-01-24 03:27:14+00:00
Jesse Vincent,2011-01-24 03:27:26+00:00
Dan Applebaum,2011-02-04 12:26:14+00:00
Dan Applebaum,2011-02-04 23:18:08+00:00
Jesse Vincent,2011-02-06 17:09:48-05:00
cketti,2011-02-09 07:08:10+01:00
Matt Johnston,2011-02-09 20:27:24+08:00
cketti,2011-02-13 05:23:18+01:00
danapple,2011-02-26 18:39:06-06:00
Jesse Vincent,2011-03-09 21:55:03-05:00
Jesse Vincent,2011-03-09 22:41:09-05:00
Jesse Vincent,2011-03-09 22:41:44-05:00
Jesse Vincent,2011-03-09 22:42:54-05:00
Jesse Vincent,2011-03-09 22:43:36-05:00
Jesse Vincent,2011-03-22 18:07:32+11:00
bitblaster,2011-04-05 02:23:57-07:00
Jesse Vincent,2011-04-17 21:07:13+10:00
Vitaly Polonetsky,2011-05-05 04:25:58+08:00
cketti,2011-05-14 23:19:24+02:00
cketti,2011-05-14 23:30:47+02:00
cketti,2011-05-20 23:00:48+02:00
cketti,2011-05-21 00:33:43+02:00
Koji Arai,2011-02-19 23:10:51+09:00
Jesse Vincent,2011-06-01 16:03:56-04:00
Apoorv Khatreja,2011-06-28 16:38:48+05:18
Apoorv Khatreja,2011-07-02 11:47:00+05:18
Jesse Vincent,2011-07-02 15:29:49-04:00
Jesse Vincent,2011-07-09 00:27:56-04:00
Jesse Vincent,2011-07-12 21:47:37-04:00
Andrew Gaul,2011-09-26 21:03:13-07:00
cketti,2011-10-18 05:09:20+02:00
Andrew Gaul,2011-10-31 21:42:12-07:00
Andrew Gaul,2011-10-06 09:28:14-07:00
ashley willis,2011-11-19 00:49:04-06:00
ashley willis,2011-11-19 13:34:26-06:00
ashley willis,2011-11-19 18:15:20-06:00
cketti,2012-01-22 05:14:58+01:00
cketti,2012-01-26 00:37:25+01:00
cketti,2012-01-27 00:51:18+01:00
cketti,2012-02-04 14:52:45+01:00
cketti,2012-02-04 18:07:57+01:00
cketti,2012-02-13 00:56:34+01:00
cketti,2012-02-13 00:57:06+01:00
cketti,2012-02-07 16:30:38+01:00
cketti,2012-02-13 23:11:59+01:00
cketti,2012-02-16 22:34:50+01:00
cketti,2012-02-16 22:36:57+01:00
cketti,2012-02-17 00:43:35+01:00
cketti,2012-02-17 01:59:04+01:00
Srinath Warrier,2012-02-26 14:44:46+05:18
cketti,2012-03-07 21:40:41+01:00
ashley willis,2012-03-11 17:48:56-05:00
cketti,2012-03-18 22:43:47+01:00
cketti,2012-03-19 04:44:41+01:00
cketti,2012-03-23 04:20:29+01:00
cketti,2012-03-26 19:41:21+02:00
cketti,2012-04-08 23:17:06+02:00
ashley willis,2012-04-08 21:29:08-05:00
Andrew Chen,2012-04-11 00:19:18-07:00
cketti,2012-05-04 22:03:35+02:00
cketti,2012-05-08 06:42:34+02:00
András Veres-Szentkirályi,2012-07-06 14:04:32+02:00
András Veres-Szentkirályi,2012-07-06 15:00:25+02:00
cketti,2012-07-07 14:33:15+02:00
cketti,2012-07-19 02:23:09+02:00
Bernhard Redl,2012-08-02 01:41:40+02:00
cketti,2012-08-02 02:31:54+02:00
Bernhard Redl,2012-08-21 04:09:34+02:00
Bernhard Redl,2012-08-30 17:47:58+02:00
Bernhard Redl,2012-09-10 01:05:10+02:00
ashley willis,2012-09-09 19:31:58-05:00
Bernhard Redl,2012-09-10 01:05:10+02:00
ashley willis,2012-09-09 21:15:37-05:00
Rob Bayer,2012-03-05 12:04:34-08:00
ashley willis,2012-03-09 02:27:59-08:00
Andrew Chen,2012-09-10 16:43:42-07:00
Andrew Chen,2012-09-25 07:50:10-07:00
Andrew Chen,2012-09-25 08:16:48-07:00
Andrew Chen,2012-09-25 14:34:59-07:00
Andrew Chen,2012-09-25 15:46:30-07:00
cketti,2012-10-08 22:51:29+02:00
Sander Bogaert,2012-10-12 12:30:26+02:00
Sander Bogaert,2012-10-13 08:53:00-04:00
Sander Bogaert,2012-10-13 15:06:57-04:00
cketti,2012-10-16 22:42:51+02:00
cketti,2012-10-24 01:37:33+02:00
cketti,2012-10-24 05:28:38+02:00
cketti,2012-11-03 01:52:45+01:00
cketti,2012-11-03 04:25:40+01:00
cketti,2012-11-03 05:01:25+01:00
cketti,2012-11-03 05:56:12+01:00
cketti,2012-11-03 08:30:32+01:00
cketti,2012-11-15 21:05:45+01:00
cketti,2012-12-06 05:25:41+01:00
cketti,2012-12-07 05:29:05+01:00
cketti,2012-12-07 12:03:04+01:00
cketti,2012-12-07 15:04:53+01:00
cketti,2012-12-07 15:45:36+01:00
cketti,2012-12-08 18:15:34+01:00
Danny Baumann,2013-01-01 12:37:14+01:00
Danny Baumann,2013-01-01 12:48:31+01:00
Danny Baumann,2013-01-02 14:07:41+01:00
Danny Baumann,2013-01-02 16:13:27+01:00
Danny Baumann,2013-01-02 17:02:57+01:00
Andrew Chen,2013-01-02 21:31:58-08:00
Danny Baumann,2013-01-03 09:39:02+01:00
Danny Baumann,2013-01-03 10:07:21+01:00
Danny Baumann,2013-01-04 08:24:03+01:00
Danny Baumann,2013-01-04 16:11:39+01:00
Danny Baumann,2013-01-05 13:20:46+01:00
Danny Baumann,2013-01-05 13:59:16+01:00
Danny Baumann,2013-01-05 14:10:07+01:00
Danny Baumann,2013-01-06 12:13:36+01:00
Danny Baumann,2013-01-06 12:16:54+01:00
Andrew Chen,2013-01-06 12:40:03-08:00
Danny Baumann,2013-01-07 09:12:07+01:00
Andrew Chen,2013-01-07 20:51:37-08:00
Andrew Chen,2013-01-07 23:19:07-08:00
Danny Baumann,2013-01-08 09:27:28+01:00
Danny Baumann,2013-01-08 10:06:01+01:00
Danny Baumann,2013-01-08 12:52:56+01:00
Danny Baumann,2013-01-10 09:45:37+01:00
Joe Steele,2013-01-08 18:16:26-05:00
cketti,2013-01-11 03:40:35+01:00
cketti,2013-01-12 02:28:12+01:00
Joe Steele,2013-01-12 18:02:09-05:00
Samuel Sieb,2013-01-16 12:24:43-08:00
cketti,2013-01-31 04:34:23+01:00
Danny Baumann,2013-01-17 15:24:22+01:00
Danny Baumann,2013-02-04 11:18:49+01:00
cketti,2013-02-06 17:37:00+01:00
cketti,2013-02-11 01:27:07+01:00
cketti,2013-02-19 04:45:14+01:00
cketti,2013-02-20 23:55:46+01:00
cketti,2013-02-21 05:42:04+01:00
cketti,2013-02-26 20:29:33+01:00
cketti,2013-03-10 21:45:36+01:00
Danny Baumann,2013-03-10 12:29:06+01:00
Danny Baumann,2013-03-15 12:46:06+01:00
Danny Baumann,2013-03-15 13:25:25+01:00
cketti,2013-03-18 17:44:10+01:00
cketti,2013-03-18 17:53:18+01:00
cketti,2013-03-31 01:13:09+01:00
cketti,2013-04-18 22:06:33+02:00
cketti,2013-06-17 16:26:49+02:00
cketti,2013-07-07 02:40:04+02:00
Jesse Vincent,2013-07-11 16:08:22-04:00
Jesse Vincent,2013-07-11 16:09:52-04:00
Jesse Vincent,2013-07-21 15:54:46-04:00
cketti,2013-07-23 20:12:48+02:00
Jesse Vincent,2013-07-30 16:36:47-04:00
Vipul Solanki,2013-09-11 19:19:45+05:18
cketti,2013-09-13 00:10:33+02:00
Danny Baumann,2013-09-25 15:20:43+02:00
Joe Steele,2013-11-23 13:26:57-05:00
András Veres-Szentkirályi,2014-02-15 21:40:57+01:00
András Veres-Szentkirályi,2014-02-15 21:43:55+01:00
András Veres-Szentkirályi,2014-02-15 23:48:35+01:00
Joe Steele,2014-02-27 12:50:05-05:00
Joe Steele,2014-03-01 11:27:24-05:00
Joe Steele,2014-02-27 13:06:54-05:00
Joe Steele,2014-03-06 17:30:15-05:00
Joe Steele,2014-03-09 18:18:26-04:00
Joe Steele,2014-03-07 20:08:57-05:00
Philipp Haselwarter,2014-08-06 11:04:07+02:00
Joe Steele,2014-08-18 18:12:39-04:00
Joe Steele,2014-08-16 19:39:18-04:00
Joe Steele,2014-08-16 20:33:26-04:00
cketti,2014-09-04 21:58:18+02:00
Christian Frommeyer,2014-09-07 14:39:23+02:00
Christian Frommeyer,2014-09-07 16:01:33+02:00
Art O Cathain,2014-09-28 10:12:19+01:00
Art O Cathain,2014-10-04 11:45:45+01:00
Art O Cathain,2014-10-04 10:37:30+01:00
Art O Cathain,2014-10-05 11:50:04+01:00
Art O Cathain,2014-10-05 11:57:11+01:00
Art O Cathain,2014-10-05 12:40:35+01:00
Art O Cathain,2014-10-12 08:54:44+01:00
Andrew Chen,2014-12-03 21:57:50-08:00
Andrew Chen,2014-12-04 19:14:22-08:00
cketti,2014-11-14 00:58:43+01:00
Jan Berkel,2014-12-12 03:23:32+00:00
Jan Berkel,2014-12-12 12:42:48+00:00
Jan Berkel,2014-12-12 12:49:26+00:00
Jan Berkel,2014-12-12 13:04:59+00:00
Jan Berkel,2014-12-12 15:02:59+00:00
Jan Berkel,2014-12-14 15:26:38+00:00
Jan Berkel,2014-12-14 15:28:42+00:00
Jan Berkel,2014-12-15 12:05:21+01:00
cketti,2014-12-16 05:40:44+01:00
Jan Berkel,2014-12-16 10:56:13+01:00
Jan Berkel,2014-12-16 11:45:52+01:00
cketti,2014-12-12 04:40:49+01:00
cketti,2014-12-12 06:32:24+01:00
Jan Berkel,2014-12-17 17:42:22+01:00
Jan Berkel,2014-12-18 09:33:09+01:00
Jan Berkel,2014-12-18 10:07:18+01:00
Jan Berkel,2014-12-19 09:54:17+01:00
cketti,2014-12-19 23:05:58+01:00
Jan Berkel,2014-12-20 00:48:02+01:00
cketti,2015-01-03 04:27:27+01:00
cketti,2015-01-06 23:59:58+01:00
cketti,2015-01-13 04:17:25+01:00
cketti,2015-01-18 03:35:28+01:00
Levrifon,2015-02-16 16:11:38+01:00
cketti,2015-02-16 21:02:52+01:00
Art O Cathain,2015-02-15 07:37:52+00:00
Valentin CAULIER,2015-03-16 16:30:28+01:00
Art O Cathain,2015-03-31 20:10:25+01:00
Art O Cathain,2015-03-31 20:29:51+01:00
Marcus Wolschon,2015-04-28 22:26:17+02:00
cketti,2015-05-22 03:41:24+02:00
cketti,2015-05-22 07:16:35+02:00
Art O Cathain,2015-06-13 16:47:35+01:00
cketti,2015-06-22 00:37:48+02:00
Sander Baas,2015-05-27 16:18:27+02:00
cketti,2015-06-28 05:08:31+02:00
cketti,2015-09-04 20:44:32+02:00
cketti,2015-09-07 06:24:54+02:00
Marcus Wolschon,2015-05-01 19:56:01+02:00
cketti,2015-06-25 18:27:50+02:00
cketti,2015-06-25 18:58:08+02:00
cketti,2015-06-28 09:24:54+02:00
cketti,2015-06-28 10:20:21+02:00
cketti,2015-06-28 10:30:42+02:00
cketti,2015-07-02 09:03:40+02:00
cketti,2015-07-02 09:20:38+02:00
cketti,2015-07-03 02:45:12+02:00
cketti,2015-07-03 04:36:25+02:00
cketti,2015-07-13 10:40:58+02:00
Vincent Breitmoser,2016-01-02 01:43:40+01:00
cketti,2016-01-07 01:28:51+01:00
Vincent Breitmoser,2015-12-29 19:36:04+01:00
cketti,2016-02-09 18:42:04+01:00
cketti,2016-02-26 05:27:41+01:00
Philip Whitehouse,2016-03-12 04:29:37+00:00
cketti,2016-03-13 13:51:07+01:00
cketti,2016-03-13 14:11:15+01:00
Philip Whitehouse,2016-03-14 10:42:01+01:00
cketti,2016-03-24 05:16:47+01:00
cketti,2016-03-21 03:44:24+01:00
cketti,2016-04-01 23:12:25+02:00
ligi,2016-04-19 01:15:05+02:00
Philip Whitehouse,2016-04-21 01:51:02+01:00
Philip Whitehouse,2016-04-23 01:20:01+01:00
Vincent Breitmoser,2016-04-27 17:11:50+02:00
Philip Whitehouse,2016-04-27 23:07:13+01:00
Vincent Breitmoser,2016-05-16 23:05:21+02:00
Vincent Breitmoser,2016-05-16 23:02:09+02:00
Vincent Breitmoser,2016-05-16 23:03:00+02:00
Vincent Breitmoser,2016-05-16 21:33:45+02:00
Vincent Breitmoser,2016-05-25 16:32:42+02:00
Vincent Breitmoser,2016-05-30 17:18:12+02:00
Vincent Breitmoser,2016-05-30 18:40:28+02:00
Christian Grubert,2016-05-08 19:26:27+02:00
cketti,2016-07-05 01:34:40+02:00
cketti,2016-07-06 21:25:20+02:00
Vincent Breitmoser,2016-07-20 02:58:16+02:00
Vincent Breitmoser,2016-07-27 19:21:48+02:00
Vincent Breitmoser,2016-07-29 20:24:45+02:00
Vincent Breitmoser,2016-07-29 16:20:35+02:00
Vincent Breitmoser,2016-08-05 16:27:56+02:00
Vincent Breitmoser,2016-08-05 16:35:43+02:00
Vincent Breitmoser,2016-08-05 16:41:11+02:00
Vincent Breitmoser,2016-08-05 16:47:31+02:00
Vincent Breitmoser,2016-08-05 16:54:37+02:00
Vincent Breitmoser,2016-08-05 17:13:23+02:00
Vincent Breitmoser,2016-08-10 13:43:26+02:00
Vincent Breitmoser,2016-08-06 13:02:13+02:00
Vincent Breitmoser,2016-08-10 14:23:20+02:00
cketti,2016-08-15 11:42:47+02:00
Philip Whitehouse,2016-10-24 12:40:31+01:00
cketti,2016-12-12 02:26:20+01:00
Philip Whitehouse,2017-01-15 23:20:05+00:00
Vincent Breitmoser,2017-01-16 17:48:05+01:00
cketti,2017-01-29 20:41:24+01:00
Philip Whitehouse,2017-02-04 11:06:45+00:00
cketti,2017-02-05 07:13:25+01:00
Sebastian Kürten,2017-02-06 08:48:24+01:00
Philip Whitehouse,2017-02-07 21:25:35+00:00
Philip Whitehouse,2017-02-12 22:41:03+00:00
Philip Whitehouse,2017-02-13 23:52:31+00:00
Philip Whitehouse,2017-02-14 00:28:29+00:00
Philip Whitehouse,2017-02-16 23:17:09+00:00
Philip Whitehouse,2017-02-16 23:22:32+00:00
Philip Whitehouse,2017-02-16 23:23:34+00:00
cketti,2017-01-26 22:33:42+01:00
Vincent Breitmoser,2017-03-02 00:56:10+01:00
Vincent Breitmoser,2017-03-02 13:14:54+01:00
cketti,2017-03-02 17:15:24+01:00
cketti,2017-03-02 18:04:53+01:00
Vincent Breitmoser,2017-03-02 20:15:00+01:00
harjot-oberai,2017-03-02 04:36:28+05:18
cketti,2017-03-26 08:33:28+02:00
Vincent Breitmoser,2017-08-22 16:27:09+02:00
Vincent Breitmoser,2017-08-23 20:33:54+02:00
cketti,2017-09-13 19:27:51+02:00
Trogel,2017-09-22 22:18:01+02:00
Trogel,2017-10-09 09:38:34+02:00
Trogel,2017-10-09 09:42:31+02:00
Trogel,2017-09-30 17:49:07+02:00
Trogel,2017-10-09 09:54:48+02:00
Joshua Nelson,2017-11-10 12:05:57-05:00
Hari,2017-11-11 02:19:13+05:18
cketti,2017-12-22 06:01:38+01:00
cketti,2018-01-06 23:52:12+01:00
cketti,2017-11-12 23:56:25+01:00
cketti,2018-02-10 20:18:10+01:00
cketti,2018-02-10 20:18:53+01:00
cketti,2018-02-10 20:20:37+01:00
cketti,2018-02-26 02:54:45+01:00
cketti,2018-02-26 02:57:07+01:00
cketti,2018-02-26 03:10:48+01:00
cketti,2018-02-26 16:44:27+01:00
cketti,2018-03-01 20:30:30+01:00
cketti,2018-03-05 18:25:09+01:00
cketti,2018-03-05 18:54:10+01:00
cketti,2018-03-10 23:48:16+01:00
cketti,2018-03-11 00:05:39+01:00
cketti,2018-03-11 00:20:51+01:00
cketti,2018-03-12 02:44:00+01:00
Vincent Breitmoser,2018-04-04 03:20:54+02:00
Vincent Breitmoser,2018-04-04 03:31:48+02:00
cketti,2018-05-24 02:46:10+02:00
cketti,2018-05-27 18:46:51+02:00
cketti,2018-05-27 18:56:53+02:00
cketti,2018-05-27 19:32:49+02:00
cketti,2018-05-27 21:30:56+02:00
cketti,2018-05-27 22:09:22+02:00
cketti,2018-05-27 22:20:56+02:00
cketti,2018-05-27 22:31:15+02:00
cketti,2018-05-27 22:45:16+02:00
cketti,2018-05-27 22:50:12+02:00
cketti,2018-05-29 15:34:21+02:00
cketti,2018-05-30 16:24:02+02:00
cketti,2018-05-31 17:20:02+02:00
cketti,2018-06-02 13:57:47+02:00
cketti,2018-06-02 14:06:29+02:00
cketti,2018-06-02 14:26:03+02:00
cketti,2018-06-02 15:13:18+02:00
cketti,2018-06-02 15:46:16+02:00
cketti,2018-06-02 18:34:40+02:00
cketti,2018-06-02 19:12:39+02:00
cketti,2018-06-02 22:08:26+02:00
cketti,2018-06-16 17:41:53+02:00
cketti,2018-06-16 18:05:14+02:00
cketti,2018-06-17 00:34:32+02:00
cketti,2018-06-17 02:17:36+02:00
cketti,2018-06-17 03:26:56+02:00
cketti,2018-06-17 04:13:17+02:00
cketti,2018-06-17 16:57:18+02:00
cketti,2018-06-17 17:43:32+02:00
cketti,2018-06-18 02:17:56+02:00
cketti,2018-06-18 02:29:42+02:00
cketti,2018-06-18 02:44:05+02:00
cketti,2018-06-18 15:36:47+02:00
cketti,2018-06-18 16:45:55+02:00
cketti,2018-06-19 14:22:47+02:00
cketti,2018-06-21 01:53:52+02:00
cketti,2018-06-21 15:12:50+02:00
cketti,2018-06-22 14:55:24+02:00
cketti,2018-06-24 00:08:29+02:00
cketti,2018-06-30 19:57:13+02:00
cketti,2018-06-30 20:21:09+02:00
cketti,2018-06-30 20:23:06+02:00
cketti,2018-07-04 18:20:58+02:00
cketti,2018-07-06 17:13:01+02:00
cketti,2018-07-11 19:41:13+02:00
cketti,2018-07-11 19:45:18+02:00
cketti,2018-07-11 19:57:51+02:00
cketti,2018-07-11 20:15:00+02:00
cketti,2018-07-21 20:56:08+02:00
cketti,2018-07-22 15:36:58+02:00
cketti,2018-07-22 15:37:54+02:00
cketti,2018-08-15 18:48:39+02:00
cketti,2018-08-17 18:22:53+02:00
cketti,2018-08-27 01:25:07+02:00
BO41,2018-09-02 20:41:44+02:00
BO41,2018-09-02 21:17:01+02:00
cketti,2018-09-04 17:36:08+02:00
cketti,2018-09-04 18:00:05+02:00
cketti,2018-11-10 16:06:17+01:00
cketti,2018-11-20 00:23:49+01:00
cketti,2018-11-21 02:35:18+01:00
Vincent Breitmoser,2018-04-05 12:04:08+02:00
Vincent Breitmoser,2018-04-27 20:18:32+02:00
Vincent Breitmoser,2018-11-21 17:12:05+01:00
Vincent Breitmoser,2018-11-27 15:08:09+01:00
Vincent Breitmoser,2018-11-29 17:40:59+01:00
Oji Ofong,2018-12-02 01:48:03-05:00
cketti,2018-12-06 19:45:11+01:00
cketti,2018-12-06 23:27:02+01:00
Wiktor Kwapisiewicz,2018-12-11 12:23:06+01:00
cketti,2018-12-02 18:13:38+01:00
cketti,2018-12-02 22:58:03+01:00
cketti,2018-12-02 23:22:27+01:00
Sujan Kota,2019-01-14 09:56:13-08:00
cketti,2019-01-22 16:28:30+01:00
cketti,2019-02-09 05:23:37+01:00
cketti,2019-03-11 01:20:46+01:00
ByteHamster,2019-07-19 00:53:35+02:00
cketti,2019-11-06 16:01:13+01:00
cketti,2019-11-06 16:11:33+01:00
cketti,2019-11-06 16:26:39+01:00
cketti,2019-11-06 17:06:08+01:00
cketti,2019-11-06 17:44:08+01:00
cketti,2019-12-18 01:13:57+01:00
cketti,2020-01-08 01:42:57+01:00
ByteHamster,2019-07-17 20:04:46+02:00
cketti,2020-01-09 00:13:26+01:00
cketti,2020-01-09 00:17:18+01:00
cketti,2020-01-13 16:14:49+01:00
cketti,2020-01-21 14:34:59+01:00
cketti,2020-01-21 15:58:36+01:00
cketti,2020-01-21 17:08:19+01:00
cketti,2020-01-21 17:13:49+01:00
cketti,2020-01-22 16:41:31+01:00
cketti,2020-01-22 16:48:03+01:00
cketti,2020-01-22 17:02:16+01:00
cketti,2020-01-22 17:16:06+01:00
cketti,2020-01-22 21:52:15+01:00
cketti,2020-01-25 19:25:18+01:00
cketti,2020-01-25 19:31:24+01:00
cketti,2020-02-05 01:23:13+01:00
cketti,2020-02-05 01:27:06+01:00
cketti,2020-02-18 02:18:50+01:00
cketti,2020-04-05 19:40:23+02:00
cketti,2020-04-23 03:28:06+02:00
cketti,2020-04-23 20:55:30+02:00
cketti,2020-04-24 23:09:15+02:00
cketti,2020-04-24 23:34:21+02:00
cketti,2020-04-25 00:02:50+02:00
cketti,2020-04-25 00:18:08+02:00
cketti,2020-04-25 00:35:58+02:00
cketti,2020-04-25 00:58:17+02:00
cketti,2020-04-27 11:59:04+02:00
cketti,2020-04-27 17:51:26+02:00
cketti,2020-04-28 14:18:27+02:00
cketti,2020-04-28 14:37:43+02:00
cketti,2020-04-29 02:53:06+02:00
cketti,2020-05-01 04:07:00+02:00
cketti,2020-05-01 05:15:51+02:00
cketti,2020-05-04 11:28:06+02:00
cketti,2020-04-25 23:04:31+02:00
cketti,2020-04-25 23:51:08+02:00
cketti,2020-04-26 00:00:33+02:00
cketti,2020-04-26 00:11:34+02:00
cketti,2020-04-26 01:02:59+02:00
cketti,2020-04-26 01:17:02+02:00
cketti,2020-04-26 03:25:32+02:00
cketti,2020-04-27 03:44:29+02:00
cketti,2020-04-30 18:03:37+02:00
cketti,2020-04-30 18:45:22+02:00
cketti,2020-04-30 19:15:42+02:00
cketti,2020-04-30 19:21:41+02:00
cketti,2020-04-30 19:28:25+02:00
cketti,2020-05-04 16:10:26+02:00
cketti,2020-05-05 16:53:17+02:00
cketti,2020-05-06 13:44:25+02:00
cketti,2020-05-06 14:07:01+02:00
cketti,2020-05-06 14:12:19+02:00
cketti,2020-05-06 16:34:22+02:00
cketti,2020-05-06 17:09:16+02:00
cketti,2020-05-08 19:42:16+02:00
cketti,2020-06-02 13:21:32+02:00
cketti,2020-06-12 17:54:36+02:00
cketti,2020-06-12 18:00:03+02:00
cketti,2020-06-12 18:09:37+02:00
cketti,2020-06-12 18:38:27+02:00
cketti,2020-06-17 14:45:41+02:00
cketti,2020-06-17 15:07:49+02:00
cketti,2020-06-17 15:39:51+02:00
cketti,2020-06-17 15:46:57+02:00
cketti,2020-06-17 22:48:20+02:00
cketti,2020-06-19 19:42:46+02:00
cketti,2020-06-26 21:30:26+02:00
cketti,2020-06-26 21:34:59+02:00
cketti,2020-06-26 21:36:43+02:00
cketti,2020-06-26 21:17:45+02:00
Victor Frandsen,2020-07-18 12:24:46-07:00
cketti,2020-08-13 17:54:44+02:00
cketti,2020-10-05 05:22:12+02:00
cketti,2020-10-13 02:33:50+02:00
cketti,2020-10-18 16:04:12+02:00
cketti,2020-10-18 16:48:17+02:00
cketti,2020-10-18 17:24:17+02:00
cketti,2020-10-18 19:19:01+02:00
cketti,2020-10-18 18:51:19+02:00
cketti,2020-10-18 22:06:48+02:00
cketti,2020-10-19 09:58:05+02:00
cketti,2020-10-19 10:16:02+02:00
cketti,2020-10-19 10:19:02+02:00
cketti,2020-10-19 10:22:45+02:00
cketti,2020-10-22 18:24:07+02:00
cketti,2020-10-22 19:28:47+02:00
cketti,2020-11-06 00:55:24+01:00
cketti,2021-01-27 08:04:23+01:00
cketti,2021-03-30 15:45:38+02:00
cketti,2021-04-16 22:06:57+02:00
cketti,2021-04-17 22:54:49+02:00
cketti,2021-04-18 02:27:20+02:00
cketti,2021-04-22 20:07:49+02:00
cketti,2021-05-10 00:41:34+02:00
cketti,2021-06-16 19:47:01+02:00
cketti,2021-06-16 15:35:24+02:00
cketti,2021-07-31 20:38:50+02:00
cketti,2021-08-07 21:48:01+02:00
cketti,2021-08-17 00:53:06+02:00
Andrew Fiddian-Green,2021-08-04 11:59:57+01:00
cketti,2021-08-17 19:49:00+02:00
cketti,2021-08-17 19:54:29+02:00
cketti,2021-08-14 20:56:15+02:00
cketti,2021-08-14 21:13:07+02:00
cketti,2021-08-19 23:09:39+02:00
cketti,2021-07-18 22:57:52+02:00
cketti,2021-07-18 23:03:52+02:00
cketti,2021-07-18 23:20:20+02:00
cketti,2021-08-31 18:33:46+02:00
cketti,2021-09-16 17:28:37+02:00
cketti,2021-09-17 05:11:18+02:00
cketti,2021-09-17 10:47:03+02:00
cketti,2021-09-17 10:54:58+02:00
cketti,2021-09-22 12:47:55+02:00
cketti,2021-09-24 18:55:38+02:00
cketti,2021-09-29 15:22:49+02:00
cketti,2021-10-07 19:43:07+02:00
cketti,2021-11-26 15:52:11+01:00
cketti,2021-12-11 00:20:49+01:00
cketti,2021-12-11 00:32:40+01:00
cketti,2021-12-11 17:59:31+01:00
cketti,2022-01-09 08:12:29+01:00
cketti,2022-01-11 01:19:24+01:00
cketti,2022-02-08 00:16:33+01:00
cketti,2022-02-17 21:30:24+01:00
cketti,2022-02-22 02:18:27+01:00
cketti,2022-02-22 02:19:28+01:00
cketti,2022-02-21 23:08:39+01:00
cketti,2022-02-22 01:45:11+01:00
cketti,2022-02-24 19:24:17+01:00
cketti,2022-02-24 19:32:29+01:00
cketti,2022-02-24 19:56:50+01:00
cketti,2022-02-24 20:28:03+01:00
cketti,2022-02-24 20:37:23+01:00
Jesse Vincent,2008-10-28 01:04:44+00:00
Jesse Vincent,2008-10-28 01:19:26+00:00
Jesse Vincent,2008-10-28 01:19:57+00:00
Jesse Vincent,2008-10-28 01:22:17+00:00
Jesse Vincent,2008-11-01 21:23:45+00:00
Jesse Vincent,2008-11-01 21:32:06+00:00
Jesse Vincent,2008-12-16 23:07:33+00:00
Jesse Vincent,2008-12-16 23:08:52+00:00
Jesse Vincent,2008-12-16 23:09:23+00:00
Jesse Vincent,2008-12-16 23:34:01+00:00
Daniel Applebaum,2008-12-31 03:49:09+00:00
Daniel Applebaum,2009-01-07 06:02:04+00:00
Daniel Applebaum,2009-02-06 04:28:29+00:00
Daniel Applebaum,2009-02-10 03:18:42+00:00
Jesse Vincent,2009-06-01 01:35:05+00:00
Bao-Long Nguyen-Trong,2009-06-23 14:57:16+00:00
Bao-Long Nguyen-Trong,2009-10-19 19:35:31+00:00
Bao-Long Nguyen-Trong,2009-10-20 04:59:02+00:00
Bao-Long Nguyen-Trong,2009-10-21 04:48:28+00:00
Daniel Applebaum,2009-10-22 00:41:06+00:00
Jesse Vincent,2009-11-25 00:40:29+00:00
Jesse Vincent,2009-12-10 03:16:42+00:00
Jesse Vincent,2009-12-15 02:50:53+00:00
Daniel Applebaum,2009-12-20 00:02:46+00:00
Jesse Vincent,2009-12-20 05:41:43+00:00
Daniel Applebaum,2010-04-16 14:33:54+00:00
Daniel Applebaum,2010-04-17 03:32:17+00:00
Daniel Applebaum,2010-04-22 02:20:35+00:00
Jesse Vincent,2010-04-29 04:59:14+00:00
cketti,2010-05-19 18:17:06+00:00
Jesse Vincent,2010-07-13 23:59:14+00:00
Dan Applebaum,2011-02-04 23:18:08+00:00
Jesse Vincent,2011-02-06 17:09:48-05:00
danapple,2011-02-26 18:39:06-06:00
Andrew Chen,2011-11-02 16:39:23-07:00
cketti,2012-02-07 15:18:21+01:00
cketti,2012-02-07 15:26:41+01:00
Rob Bayer,2012-03-05 12:04:34-08:00
Joe Steele,2013-01-12 18:02:09-05:00
Art O Cathain,2014-10-04 10:37:30+01:00
Jan Berkel,2014-12-12 03:23:32+00:00
Jan Berkel,2014-12-12 15:02:59+00:00
Jan Berkel,2014-12-14 15:28:42+00:00
cketti,2014-12-19 23:05:58+01:00
cketti,2015-01-16 23:33:54+01:00
cketti,2015-01-18 03:35:28+01:00
cketti,2015-09-04 20:44:32+02:00
Vincent Breitmoser,2016-04-27 17:11:50+02:00
Vincent Breitmoser,2016-05-30 17:18:12+02:00
cketti,2017-01-26 22:05:15+01:00
cketti,2017-01-26 22:33:42+01:00
harjot-oberai,2017-03-02 04:36:28+05:18
cketti,2018-03-01 20:30:30+01:00
cketti,2018-03-05 18:54:10+01:00
cketti,2018-06-17 16:57:18+02:00
cketti,2018-06-21 01:53:52+02:00
cketti,2018-06-21 15:12:50+02:00
cketti,2018-08-27 01:25:07+02:00
cketti,2019-11-06 16:01:13+01:00
cketti,2019-11-06 16:11:33+01:00
cketti,2020-01-21 14:34:59+01:00
cketti,2020-01-21 15:58:36+01:00
cketti,2020-01-21 17:08:19+01:00
cketti,2020-01-21 17:13:49+01:00
cketti,2020-01-22 16:31:15+01:00
cketti,2020-01-22 16:41:31+01:00
cketti,2020-01-22 16:48:03+01:00
cketti,2020-01-22 17:02:16+01:00
cketti,2020-01-22 17:16:06+01:00
cketti,2020-02-05 01:23:13+01:00
cketti,2020-04-26 00:00:33+02:00
cketti,2020-04-26 01:17:02+02:00
cketti,2020-04-26 03:25:32+02:00
cketti,2020-04-27 03:44:29+02:00
cketti,2020-05-04 16:10:26+02:00
cketti,2020-06-12 17:54:36+02:00
cketti,2022-02-24 20:37:23+01:00
cketti,2017-01-26 22:05:15+01:00
cketti,2017-01-26 22:33:42+01:00
harjot-oberai,2017-03-02 04:36:28+05:18
cketti,2018-03-01 20:30:30+01:00
cketti,2018-03-05 18:54:10+01:00
cketti,2018-06-17 16:57:18+02:00
cketti,2018-06-21 01:53:52+02:00
cketti,2018-06-21 15:12:50+02:00
cketti,2018-08-27 01:25:07+02:00
cketti,2019-11-06 16:01:13+01:00
cketti,2019-11-06 16:11:33+01:00
cketti,2020-01-21 14:34:59+01:00
cketti,2020-01-21 15:58:36+01:00
cketti,2020-01-21 17:08:19+01:00
cketti,2020-01-21 17:13:49+01:00
cketti,2020-01-22 16:31:15+01:00
cketti,2020-01-22 16:41:31+01:00
cketti,2020-01-22 16:48:03+01:00
cketti,2020-01-22 17:02:16+01:00
cketti,2020-01-22 17:16:06+01:00
cketti,2020-02-05 01:23:13+01:00
cketti,2020-04-26 00:00:33+02:00
cketti,2020-04-26 01:17:02+02:00
cketti,2020-04-26 03:25:32+02:00
cketti,2020-04-27 03:44:29+02:00
cketti,2020-05-04 16:10:26+02:00
cketti,2020-06-12 17:54:36+02:00
cketti,2022-02-24 20:37:23+01:00
Christian Frommeyer,2014-09-07 16:01:33+02:00
Art O Cathain,2014-10-04 11:45:45+01:00
Art O Cathain,2014-10-04 10:37:30+01:00
Art O Cathain,2014-10-05 12:23:43+01:00
Art O Cathain,2014-10-05 12:40:35+01:00
cketti,2014-11-14 00:58:43+01:00
cketti,2014-11-26 01:11:26+01:00
Jan Berkel,2014-12-11 23:32:38+00:00
Jan Berkel,2014-12-11 23:56:02+00:00
Jan Berkel,2014-12-12 03:23:32+00:00
Jan Berkel,2014-12-12 12:49:26+00:00
Jan Berkel,2014-12-12 13:04:59+00:00
Jan Berkel,2014-12-12 13:35:36+00:00
Jan Berkel,2014-12-12 15:02:59+00:00
Jan Berkel,2014-12-12 15:16:38+00:00
Jan Berkel,2014-12-14 15:26:38+00:00
Jan Berkel,2014-12-14 15:28:42+00:00
Jan Berkel,2014-12-15 12:05:21+01:00
cketti,2014-12-12 04:40:49+01:00
Jan Berkel,2014-12-19 09:54:17+01:00
cketti,2014-12-19 23:05:58+01:00
cketti,2015-01-05 00:33:13+01:00
cketti,2015-01-05 01:07:04+01:00
cketti,2015-01-06 01:37:59+01:00
cketti,2015-01-06 21:36:31+01:00
cketti,2015-01-06 23:59:58+01:00
cketti,2015-01-10 04:04:37+01:00
cketti,2015-01-10 04:31:43+01:00
cketti,2015-01-15 23:35:50+01:00
cketti,2015-01-16 05:05:11+01:00
cketti,2015-01-16 17:38:31+01:00
cketti,2015-01-18 03:35:28+01:00
cketti,2015-01-22 05:18:50+01:00
cketti,2015-01-22 06:05:05+01:00
cketti,2015-01-23 03:42:00+01:00
cketti,2015-01-23 14:56:52+01:00
cketti,2015-01-24 03:06:45+01:00
cketti,2015-01-28 15:29:49+01:00
cketti,2015-02-01 05:41:40+01:00
cketti,2015-02-25 03:36:48+01:00
Art O Cathain,2015-06-13 16:47:35+01:00
cketti,2015-06-25 22:47:17+02:00
cketti,2015-08-21 20:37:24+02:00
cketti,2015-09-04 20:44:32+02:00
cketti,2015-09-28 18:19:27+02:00
cketti,2015-10-03 10:34:25+02:00
cketti,2015-12-16 15:10:47+01:00
Vincent Breitmoser,2016-01-07 21:31:31+01:00
Vincent Breitmoser,2016-01-28 00:54:04+01:00
cketti,2016-02-09 18:42:04+01:00
cketti,2016-02-17 00:13:24+01:00
Philip Whitehouse,2016-03-09 01:48:54+00:00
Vincent Breitmoser,2016-03-14 22:28:25+01:00
Vincent Breitmoser,2016-03-14 23:26:10+01:00
Vincent Breitmoser,2016-05-02 16:19:37+02:00
Vincent Breitmoser,2016-05-13 22:38:56+02:00
Vincent Breitmoser,2016-06-13 16:04:03+02:00
Richard Neish,2016-06-24 23:00:39+01:00
cketti,2016-06-25 05:09:35+02:00
Vincent Breitmoser,2016-06-23 19:22:08+02:00
Vincent Breitmoser,2016-06-23 22:54:33+02:00
Vincent Breitmoser,2016-07-04 17:51:23+02:00
Vincent Breitmoser,2016-07-21 21:33:07+02:00
Vincent Breitmoser,2016-07-24 20:24:59+02:00
Vincent Breitmoser,2016-07-20 02:58:16+02:00
Vincent Breitmoser,2016-07-27 19:06:08+02:00
Vincent Breitmoser,2016-07-27 19:21:48+02:00
Vincent Breitmoser,2016-07-29 20:24:45+02:00
Vincent Breitmoser,2016-08-08 21:49:32+02:00
Vincent Breitmoser,2016-08-10 14:23:20+02:00
cketti,2016-08-15 11:42:47+02:00
Vincent Breitmoser,2016-10-12 16:47:23+02:00
Vincent Breitmoser,2016-12-10 16:56:11+01:00
Vincent Breitmoser,2016-12-28 16:38:54+01:00
cketti,2016-12-30 20:53:30+01:00
Vincent Breitmoser,2017-01-19 15:53:28+01:00
Vincent Breitmoser,2017-01-16 17:48:05+01:00
cketti,2017-02-06 03:55:31+01:00
Vincent Breitmoser,2017-03-02 00:56:10+01:00
Vincent Breitmoser,2017-03-02 13:14:54+01:00
cketti,2017-03-02 17:15:24+01:00
cketti,2017-03-02 18:04:53+01:00
Vincent Breitmoser,2017-03-02 20:15:00+01:00
Vincent Breitmoser,2017-08-22 15:20:28+02:00
Vincent Breitmoser,2017-08-22 16:02:15+02:00
Vincent Breitmoser,2017-08-22 16:08:59+02:00
Vincent Breitmoser,2017-08-22 16:27:09+02:00
Vincent Breitmoser,2017-08-22 16:51:51+02:00
Vincent Breitmoser,2017-08-22 21:55:29+02:00
Vincent Breitmoser,2017-08-22 21:57:18+02:00
Vincent Breitmoser,2017-08-23 20:33:54+02:00
Hari,2017-08-22 23:35:29+05:18
Joshua Nelson,2017-12-27 07:28:27-05:00
cketti,2018-03-01 20:02:56+01:00
cketti,2018-02-26 16:44:27+01:00
cketti,2018-03-01 20:30:30+01:00
cketti,2018-03-01 21:56:30+01:00
cketti,2018-03-05 02:07:23+01:00
cketti,2018-03-05 18:25:09+01:00
cketti,2018-03-12 02:44:00+01:00
cketti,2018-06-02 13:57:47+02:00
cketti,2018-06-17 16:57:18+02:00
cketti,2018-06-17 17:43:32+02:00
cketti,2018-06-21 01:53:52+02:00
cketti,2018-06-21 15:12:50+02:00
cketti,2018-06-30 19:57:13+02:00
cketti,2018-07-01 01:23:46+02:00
cketti,2018-07-22 15:37:54+02:00
cketti,2018-07-22 20:16:34+02:00
cketti,2018-08-31 02:59:39+02:00
cketti,2018-11-08 13:03:29+01:00
cketti,2018-11-08 16:19:01+01:00
cketti,2018-11-20 00:23:49+01:00
Vincent Breitmoser,2018-11-21 17:12:05+01:00
Vincent Breitmoser,2018-11-30 19:43:41+01:00
Art O Cathain,2018-12-22 23:34:38+00:00
cketti,2019-01-06 22:24:47+01:00
cketti,2019-01-10 00:02:17+01:00
cketti,2019-01-10 00:03:59+01:00
cketti,2019-01-10 00:08:26+01:00
Sujan Kota,2019-01-14 09:56:13-08:00
cketti,2019-02-09 05:23:37+01:00
cketti,2019-05-22 01:36:18+02:00
cketti,2019-12-01 14:21:28+01:00
cketti,2020-01-08 23:56:17+01:00
cketti,2020-01-09 00:06:32+01:00
cketti,2020-01-09 00:13:26+01:00
cketti,2020-01-09 00:17:18+01:00
cketti,2020-04-05 20:06:16+02:00
cketti,2020-04-08 20:41:51+02:00
cketti,2020-04-10 22:24:19+02:00
cketti,2020-04-27 17:51:26+02:00
cketti,2020-04-27 18:24:04+02:00
cketti,2020-04-28 14:18:27+02:00
cketti,2020-04-28 14:37:43+02:00
Vasyl Gello,2020-05-03 22:07:41+03:00
cketti,2020-04-26 00:15:25+02:00
cketti,2020-04-30 18:03:37+02:00
cketti,2020-04-30 18:45:22+02:00
cketti,2020-04-30 21:00:40+02:00
cketti,2020-05-08 19:42:16+02:00
cketti,2020-05-13 16:31:35+02:00
cketti,2020-06-12 18:34:00+02:00
cketti,2020-06-12 18:38:27+02:00
cketti,2020-10-13 02:33:50+02:00
cketti,2020-10-18 18:51:19+02:00
cketti,2021-02-18 18:08:20+01:00
cketti,2021-04-01 02:45:33+02:00
cketti,2021-04-06 21:36:44+02:00
cketti,2021-04-08 18:55:45+02:00
cketti,2021-04-08 20:40:49+02:00
cketti,2021-04-18 02:27:20+02:00
cketti,2021-04-22 20:16:32+02:00
Andrew Fiddian-Green,2021-08-04 11:59:57+01:00
cketti,2021-08-17 19:49:00+02:00
cketti,2021-08-14 21:21:41+02:00
cketti,2021-08-31 18:33:46+02:00
cketti,2021-09-17 11:02:54+02:00
cketti,2021-09-21 16:33:31+02:00
cketti,2021-10-11 19:19:12+02:00
Tobias Preuss,2021-11-23 09:44:00+01:00
cketti,2022-02-24 19:24:17+01:00
cketti,2022-02-24 20:34:45+01:00
Jesse Vincent,2008-10-28 01:04:44+00:00
Jesse Vincent,2008-10-28 01:19:26+00:00
Jesse Vincent,2008-10-28 01:19:57+00:00
Jesse Vincent,2008-10-28 01:22:17+00:00
Jesse Vincent,2008-10-28 02:14:16+00:00
Jesse Vincent,2008-11-01 04:26:03+00:00
Jesse Vincent,2008-11-01 21:23:45+00:00
Jesse Vincent,2008-11-01 21:32:06+00:00
Jesse Vincent,2008-11-01 21:36:23+00:00
Jesse Vincent,2008-11-01 22:24:15+00:00
Richard Tibbetts,2008-11-02 03:28:29+00:00
Richard Tibbetts,2008-11-02 03:56:13+00:00
Matthew Brace,2008-12-11 05:25:59+00:00
Jesse Vincent,2008-12-16 23:07:33+00:00
Jesse Vincent,2008-12-16 23:08:52+00:00
Jesse Vincent,2008-12-16 23:09:23+00:00
Jesse Vincent,2008-12-16 23:34:01+00:00
Daniel Applebaum,2008-12-31 03:49:09+00:00
Daniel Applebaum,2008-12-31 16:05:03+00:00
Daniel Applebaum,2009-01-03 01:47:24+00:00
Daniel Applebaum,2009-01-24 19:35:57+00:00
Daniel Applebaum,2009-02-10 03:18:42+00:00
Daniel Applebaum,2009-02-24 05:03:28+00:00
Daniel Applebaum,2009-02-25 03:35:25+00:00
Daniel Applebaum,2009-03-02 00:47:27+00:00
Daniel Applebaum,2009-03-05 07:32:45+00:00
Daniel Applebaum,2009-03-07 07:20:15+00:00
Daniel Applebaum,2009-04-11 14:33:54+00:00
Jesse Vincent,2009-05-02 22:14:45+00:00
Jesse Vincent,2009-05-03 04:22:34+00:00
Jesse Vincent,2009-05-03 20:52:32+00:00
Jesse Vincent,2009-05-05 00:29:15+00:00
Daniel Applebaum,2009-05-09 15:22:36+00:00
Bao-Long Nguyen-Trong,2009-05-10 07:05:24+00:00
Bao-Long Nguyen-Trong,2009-05-17 05:59:28+00:00
Bao-Long Nguyen-Trong,2009-05-20 04:36:20+00:00
Bao-Long Nguyen-Trong,2009-05-20 04:39:51+00:00
Bao-Long Nguyen-Trong,2009-05-20 04:44:45+00:00
Jesse Vincent,2009-06-01 01:35:05+00:00
Daniel Applebaum,2009-06-09 03:11:35+00:00
Jesse Vincent,2009-06-18 14:54:06+00:00
Bao-Long Nguyen-Trong,2009-06-25 20:25:05+00:00
Bao-Long Nguyen-Trong,2009-06-26 06:55:32+00:00
Bao-Long Nguyen-Trong,2009-06-26 07:03:25+00:00
Daniel Applebaum,2009-07-24 03:55:54+00:00
Bao-Long Nguyen-Trong,2009-09-10 17:33:19+00:00
Bao-Long Nguyen-Trong,2009-09-25 19:12:37+00:00
Bao-Long Nguyen-Trong,2009-09-26 22:47:13+00:00
Bao-Long Nguyen-Trong,2009-10-05 04:41:26+00:00
Daniel Applebaum,2009-10-22 00:41:06+00:00
Jesse Vincent,2009-11-17 16:54:50+00:00
Jesse Vincent,2009-11-17 21:13:29+00:00
Jesse Vincent,2009-11-25 00:40:29+00:00
Daniel Applebaum,2009-11-26 05:10:12+00:00
Jesse Vincent,2009-11-28 04:56:47+00:00
Jesse Vincent,2009-11-28 04:56:58+00:00
Daniel Applebaum,2009-11-29 16:55:35+00:00
Jesse Vincent,2009-11-30 04:02:34+00:00
Jesse Vincent,2009-11-30 04:02:43+00:00
Jesse Vincent,2009-11-30 04:03:16+00:00
Daniel Applebaum,2009-11-30 04:57:29+00:00
Jesse Vincent,2009-12-01 13:45:28+00:00
Jesse Vincent,2009-12-02 03:16:31+00:00
Jesse Vincent,2009-12-07 00:56:06+00:00
Jesse Vincent,2009-12-07 04:46:42+00:00
Jesse Vincent,2009-12-08 04:58:10+00:00
Jesse Vincent,2009-12-10 03:16:42+00:00
Jesse Vincent,2009-12-15 02:50:53+00:00
Jesse Vincent,2009-12-15 02:51:18+00:00
Jesse Vincent,2009-12-15 02:52:01+00:00
Jesse Vincent,2009-12-16 05:26:21+00:00
Jesse Vincent,2009-12-18 03:46:05+00:00
Jesse Vincent,2009-12-18 03:46:46+00:00
Jesse Vincent,2009-12-20 05:41:43+00:00
Daniel Applebaum,2009-12-20 23:13:49+00:00
Jesse Vincent,2009-12-27 16:50:14+00:00
Jesse Vincent,2009-12-27 16:50:21+00:00
Jesse Vincent,2009-12-27 16:50:28+00:00
Jesse Vincent,2009-12-27 16:50:37+00:00
Jesse Vincent,2009-12-27 16:52:57+00:00
Jesse Vincent,2009-12-27 16:53:16+00:00
Jesse Vincent,2009-12-27 16:53:31+00:00
Jesse Vincent,2009-12-27 16:53:37+00:00
Jesse Vincent,2009-12-27 16:53:45+00:00
Jesse Vincent,2009-12-27 16:53:51+00:00
Jesse Vincent,2009-12-27 17:22:26+00:00
Jesse Vincent,2010-01-03 23:23:13+00:00
Daniel Applebaum,2010-01-06 03:44:23+00:00
Daniel Applebaum,2010-01-09 19:49:54+00:00
Bao-Long Nguyen-Trong,2010-01-12 00:59:13+00:00
Jesse Vincent,2010-01-13 03:36:36+00:00
Jesse Vincent,2010-01-14 01:07:28+00:00
Jesse Vincent,2010-01-17 22:54:08+00:00
Jesse Vincent,2010-01-24 20:41:04+00:00
cketti,2010-02-03 19:56:20+00:00
Bao-Long Nguyen-Trong,2010-02-06 15:22:59+00:00
Bao-Long Nguyen-Trong,2010-02-06 15:44:21+00:00
Bao-Long Nguyen-Trong,2010-02-07 05:58:04+00:00
Bao-Long Nguyen-Trong,2010-02-11 21:16:37+00:00
Bao-Long Nguyen-Trong,2010-02-13 19:07:10+00:00
Jesse Vincent,2010-02-18 03:28:31+00:00
Daniel Applebaum,2010-03-04 04:00:30+00:00
Daniel Applebaum,2010-03-07 17:02:21+00:00
Daniel Applebaum,2010-04-06 02:54:48+00:00
cketti,2010-04-16 12:20:10+00:00
Daniel Applebaum,2010-04-16 14:33:54+00:00
cketti,2010-04-17 21:27:06+00:00
Daniel Applebaum,2010-04-22 02:20:35+00:00
Daniel Applebaum,2010-04-25 06:17:15+00:00
Jesse Vincent,2010-04-29 04:59:14+00:00
Daniel Applebaum,2010-05-02 05:37:48+00:00
cketti,2010-05-10 00:14:26+00:00
Daniel Applebaum,2010-05-12 04:17:52+00:00
Jesse Vincent,2010-05-15 19:46:16+00:00
cketti,2010-05-19 18:17:06+00:00
cketti,2010-05-19 19:16:36+00:00
cketti,2010-05-21 15:34:29+00:00
Jesse Vincent,2010-05-29 21:56:17+00:00
Jesse Vincent,2010-05-30 04:17:00+00:00
Daniel Applebaum,2010-05-30 16:56:50+00:00
Daniel Applebaum,2010-05-30 21:20:47+00:00
Jesse Vincent,2010-06-06 21:32:57+00:00
Jesse Vincent,2010-06-06 21:33:05+00:00
Jesse Vincent,2010-06-06 21:33:15+00:00
Jesse Vincent,2010-06-06 21:33:33+00:00
Jesse Vincent,2010-06-06 22:28:29+00:00
Koji Arai,2010-07-02 14:57:55+00:00
Jesse Vincent,2010-07-10 16:40:34+00:00
Koji Arai,2010-07-11 13:44:16+00:00
Jesse Vincent,2010-07-13 21:16:56+00:00
Jesse Vincent,2010-07-15 03:47:45+00:00
Jesse Vincent,2010-07-24 02:09:12+00:00
Jesse Vincent,2010-08-02 01:24:40+00:00
Jesse Vincent,2010-08-02 01:27:50+00:00
Fiouz,2010-08-02 11:55:31+00:00
Fiouz,2010-08-07 15:10:07+00:00
Jesse Vincent,2010-08-12 02:22:35+00:00
Jesse Vincent,2010-08-15 02:37:06+00:00
Koji Arai,2010-08-15 14:52:59+00:00
Jesse Vincent,2010-08-18 02:48:55+00:00
Jesse Vincent,2010-08-29 16:56:45+00:00
Jesse Vincent,2010-08-29 16:56:54+00:00
Jesse Vincent,2010-08-29 16:57:02+00:00
Jesse Vincent,2010-08-29 16:57:24+00:00
Jesse Vincent,2010-08-29 16:57:31+00:00
Jesse Vincent,2010-08-29 16:57:40+00:00
Jesse Vincent,2010-08-29 16:57:49+00:00
Jesse Vincent,2010-08-29 16:57:57+00:00
Jesse Vincent,2010-08-29 16:58:04+00:00
cketti,2010-08-29 18:46:51+00:00
Jesse Vincent,2010-08-29 23:39:26+00:00
Jesse Vincent,2010-08-29 23:39:45+00:00
Jesse Vincent,2010-08-31 03:58:33+00:00
Jesse Vincent,2010-09-22 02:46:20+00:00
Fiouz,2010-10-02 18:45:51+00:00
Jesse Vincent,2010-10-05 06:04:28+00:00
Jesse Vincent,2010-10-08 06:33:04+00:00
Jesse Vincent,2010-10-11 00:08:39+00:00
Jesse Vincent,2010-10-16 08:27:47+00:00
Jesse Vincent,2010-10-21 20:48:28+00:00
Jesse Vincent,2010-10-21 20:49:20+00:00
Jesse Vincent,2010-10-23 17:33:08+00:00
Jesse Vincent,2010-10-23 18:50:10+00:00
Fiouz,2010-10-28 19:16:55+00:00
Marcus Wolschon,2010-11-04 13:35:39+00:00
Jesse Vincent,2010-11-05 02:59:21+00:00
Jesse Vincent,2010-11-05 03:55:24+00:00
Jesse Vincent,2010-11-05 04:23:04+00:00
Jesse Vincent,2010-11-05 04:23:09+00:00
Jesse Vincent,2010-11-12 21:37:54+00:00
Jesse Vincent,2010-11-12 21:38:02+00:00
Jesse Vincent,2010-11-12 21:38:06+00:00
Jesse Vincent,2010-11-12 21:38:11+00:00
Jesse Vincent,2010-11-12 22:27:32+00:00
Jesse Vincent,2010-11-12 23:41:43+00:00
Jesse Vincent,2010-11-13 01:47:08+00:00
Jesse Vincent,2010-11-13 21:40:56+00:00
Jesse Vincent,2010-11-14 00:49:04+00:00
Jesse Vincent,2010-11-14 00:49:08+00:00
Jesse Vincent,2010-11-14 00:49:25+00:00
Jesse Vincent,2010-11-15 01:31:11+00:00
Jesse Vincent,2010-11-15 01:31:16+00:00
Jesse Vincent,2010-11-15 01:31:20+00:00
Jesse Vincent,2010-11-17 03:42:14+00:00
Fiouz,2010-11-17 21:10:45+00:00
Fiouz,2010-11-17 21:11:07+00:00
Jesse Vincent,2010-11-21 05:31:34+00:00
Jesse Vincent,2010-11-21 05:31:38+00:00
Jesse Vincent,2010-11-21 05:31:42+00:00
Jesse Vincent,2010-11-27 04:02:56+00:00
Jesse Vincent,2010-11-27 04:03:10+00:00
Jesse Vincent,2010-11-28 20:28:37+00:00
Jesse Vincent,2010-12-01 03:01:20+00:00
Jesse Vincent,2010-12-01 03:02:13+00:00
Jesse Vincent,2010-12-01 03:06:50+00:00
Jesse Vincent,2010-12-01 06:04:28+00:00
Jesse Vincent,2010-12-01 06:32:29+00:00
Andrew Chen,2010-12-13 00:33:00+00:00
Fiouz,2010-12-14 19:26:57+00:00
Fiouz,2010-12-18 10:12:52+00:00
Fiouz,2010-12-18 22:56:40+00:00
Andrew Chen,2010-12-23 23:16:54+00:00
Jesse Vincent,2010-12-24 18:55:05+00:00
Jesse Vincent,2010-12-28 09:07:39+00:00
Jesse Vincent,2010-12-28 09:10:30+00:00
Jesse Vincent,2010-12-28 09:10:50+00:00
Andrew Chen,2010-12-29 07:34:57+00:00
Andrew Chen,2011-01-02 09:01:23+00:00
Andrew Chen,2011-01-03 03:26:31+00:00
Jesse Vincent,2011-01-03 18:07:44+00:00
Andrew Chen,2011-01-04 06:58:13+00:00
Jesse Vincent,2011-01-04 08:33:12+00:00
Andrew Chen,2011-01-05 04:26:33+00:00
Jesse Vincent,2011-01-06 16:55:08+00:00
Andrew Chen,2011-01-12 23:48:28+00:00
Jesse Vincent,2011-01-15 15:25:42+00:00
Jesse Vincent,2011-01-15 15:25:48+00:00
Jesse Vincent,2011-01-16 04:22:59+00:00
Jesse Vincent,2011-01-16 04:23:03+00:00
Jesse Vincent,2011-01-16 04:23:08+00:00
Jesse Vincent,2011-01-16 04:23:12+00:00
Jesse Vincent,2011-01-16 21:33:39+00:00
Jesse Vincent,2011-01-16 21:33:58+00:00
Jesse Vincent,2011-01-17 03:22:30+00:00
Jesse Vincent,2011-01-17 04:06:34+00:00
Marcus Wolschon,2011-01-17 10:28:58+00:00
Jesse Vincent,2011-01-18 00:04:17+00:00
Jesse Vincent,2011-01-18 00:04:24+00:00
cketti,2011-01-18 23:54:49+00:00
cketti,2011-01-19 00:13:58+00:00
cketti,2011-01-19 01:50:28+00:00
Jesse Vincent,2011-01-23 02:26:14+00:00
Jesse Vincent,2011-01-24 03:27:14+00:00
Jesse Vincent,2011-01-24 03:27:19+00:00
Jesse Vincent,2011-01-31 01:54:27+00:00
Jesse Vincent,2011-01-31 23:45:14+00:00
Jesse Vincent,2011-01-31 23:45:23+00:00
Dan Applebaum,2011-02-04 12:26:14+00:00
cketti,2011-02-05 00:19:22+00:00
Jesse Vincent,2011-02-06 17:09:48-05:00
Jesse Vincent,2011-02-07 20:34:08-05:00
Matt Johnston,2011-02-09 20:27:24+08:00
Jesse Vincent,2011-02-13 19:47:30-05:00
Jan Berkel,2011-02-19 16:35:11+01:00
danapple,2011-02-26 18:39:06-06:00
Apoorv Khatreja,2011-03-25 04:52:25+08:00
Apoorv Khatreja,2011-03-25 05:25:10+08:00
cketti,2011-03-24 23:07:46+01:00
cketti,2011-03-30 04:57:05+02:00
Koji Arai,2011-04-04 00:48:13+09:00
Koji Arai,2011-04-07 00:18:14+09:00
Koji Arai,2011-04-10 01:10:25+09:00
cketti,2011-04-10 18:29:25+02:00
Jesse Vincent,2011-04-12 22:16:22+10:00
bitblaster,2011-04-05 02:27:39-07:00
Bernhard Redl,2011-04-20 14:55:55+02:00
Bernhard Redl,2011-04-20 15:30:08+02:00
cketti,2011-04-20 23:58:10+02:00
Jesse Vincent,2011-05-05 12:47:39-04:00
Jesse Vincent,2011-05-05 12:47:57-04:00
cketti,2011-05-06 20:02:55+02:00
cketti,2011-05-16 00:36:46+02:00
Koji Arai,2011-04-28 00:23:16+09:00
Koji Arai,2010-12-29 16:42:11+09:00
Koji Arai,2011-02-19 23:10:51+09:00
Jesse Vincent,2011-06-01 16:03:56-04:00
Jesse Vincent,2011-06-09 21:54:22-04:00
cketti,2011-06-17 06:17:01+02:00
Apoorv Khatreja,2011-06-28 16:38:48+05:18
Apoorv Khatreja,2011-07-25 06:38:26+05:18
cketti,2011-10-01 21:17:00+02:00
Andrew Gaul,2011-09-29 23:18:00-07:00
Andrew Gaul,2011-10-02 18:16:18-07:00
cketti,2011-10-08 21:30:45+02:00
Andrew Gaul,2011-10-19 23:05:34-07:00
cketti,2011-10-27 17:17:43+02:00
Andrew Chen,2011-11-02 08:34:06-07:00
Andrew Gaul,2011-10-06 09:28:14-07:00
Andrew Gaul,2011-11-02 22:18:30-07:00
Andrew Gaul,2011-10-19 23:25:27-07:00
Jesse Vincent,2011-11-14 23:32:46-05:00
Andrew Gaul,2011-11-27 10:29:45-08:00
edpeur,2011-12-31 17:38:41+00:00
cketti,2012-01-04 02:27:51+01:00
cketti,2012-01-22 05:04:15+01:00
cketti,2012-01-22 05:14:58+01:00
cketti,2012-01-24 15:41:03+01:00
cketti,2012-01-27 00:51:18+01:00
cketti,2012-02-07 01:00:16+01:00
cketti,2012-02-07 16:32:13+01:00
cketti,2012-02-13 23:11:59+01:00
cketti,2012-02-16 23:37:44+01:00
cketti,2012-02-16 23:52:44+01:00
cketti,2012-02-17 19:40:58+01:00
cketti,2012-02-18 00:44:24+01:00
cketti,2012-02-27 23:20:30+01:00
cketti,2012-03-15 21:21:00+01:00
Jesse Vincent,2012-04-08 12:29:08-04:00
Andrew Chen,2012-04-08 16:52:55-07:00
Romain Vimont (®om),2012-05-30 12:45:37+02:00
cketti,2012-06-01 20:03:03+02:00
András Veres-Szentkirályi,2012-07-06 14:24:16+02:00
cketti,2012-07-07 17:14:03+02:00
cketti,2012-07-07 17:15:14+02:00
Bernhard Redl,2012-08-21 04:09:34+02:00
Jesse Vincent,2012-09-10 12:05:52-04:00
Rob Bayer,2012-03-05 12:04:34-08:00
Jesse Vincent,2012-10-02 17:50:47-07:00
cketti,2012-10-08 22:51:29+02:00
cketti,2012-10-10 03:02:36+02:00
Sander Bogaert,2012-10-13 08:53:00-04:00
cketti,2012-10-16 15:46:40+02:00
cketti,2012-10-16 22:42:51+02:00
cketti,2012-10-17 20:52:03+02:00
cketti,2012-10-18 05:15:40+02:00
cketti,2012-10-24 00:08:44+02:00
cketti,2012-10-24 00:32:29+02:00
cketti,2012-10-24 01:03:59+02:00
cketti,2012-10-24 01:37:33+02:00
cketti,2012-10-24 06:01:26+02:00
cketti,2012-10-29 02:27:34+01:00
cketti,2012-10-31 01:45:44+01:00
cketti,2012-11-01 20:33:13+01:00
cketti,2012-11-03 01:52:45+01:00
cketti,2012-11-15 21:05:45+01:00
cketti,2012-11-27 16:46:59+01:00
cketti,2012-12-01 08:02:55+01:00
cketti,2012-12-04 05:13:58+01:00
cketti,2012-12-06 05:25:41+01:00
cketti,2012-12-07 15:04:53+01:00
cketti,2012-12-07 15:45:36+01:00
cketti,2012-12-07 15:47:15+01:00
cketti,2012-12-07 15:50:55+01:00
cketti,2012-12-10 17:34:48+01:00
Danny Baumann,2013-01-05 13:20:46+01:00
cketti,2013-01-11 03:40:35+01:00
cketti,2013-01-12 02:28:12+01:00
cketti,2013-01-12 04:02:21+01:00
cketti,2013-01-12 04:21:53+01:00
Danny Baumann,2013-02-04 11:18:49+01:00
cketti,2013-02-19 04:45:14+01:00
cketti,2013-03-08 01:15:26+01:00
cketti,2013-04-17 02:09:43+02:00
cketti,2013-07-03 04:56:40+02:00
cketti,2013-07-07 02:22:40+02:00
cketti,2013-07-07 02:40:04+02:00
Jesse Vincent,2013-07-11 16:11:36-04:00
cketti,2013-07-16 16:54:26+02:00
Jesse Vincent,2013-07-18 20:09:39-04:00
Jesse Vincent,2013-07-30 16:12:38-04:00
Jesse Vincent,2013-07-30 16:36:47-04:00
Joe Steele,2013-08-02 13:01:22-04:00
Joe Steele,2013-08-07 19:20:49-04:00
Joe Steele,2013-09-01 16:25:09-04:00
Joe Steele,2013-09-02 23:49:28-04:00
cketti,2013-09-06 19:20:48+02:00
cketti,2013-09-06 19:24:19+02:00
cketti,2013-08-14 18:05:57+02:00
Joe Steele,2013-09-30 16:55:39-04:00
Joe Steele,2013-10-08 17:07:21-04:00
Miltos Allamanis,2014-02-26 14:23:33+00:00
Miltos Allamanis,2014-02-26 14:27:35+00:00
Joe Steele,2014-03-03 10:40:23-05:00
cketti,2014-03-23 00:39:10+01:00
Philipp Haselwarter,2014-08-06 11:04:07+02:00
cketti,2014-09-04 22:35:03+02:00
cketti,2014-09-04 22:48:13+02:00
cketti,2014-09-04 22:56:29+02:00
Christian Frommeyer,2014-09-07 14:39:23+02:00
Christian Frommeyer,2014-09-07 14:54:02+02:00
Christian Frommeyer,2014-09-07 15:01:48+02:00
Christian Frommeyer,2014-09-07 16:01:33+02:00
Christian Frommeyer,2014-09-07 16:18:06+02:00
Tobias Baum,2014-09-22 21:52:59+02:00
Art O Cathain,2014-09-28 11:59:11+01:00
Art O Cathain,2014-09-28 12:48:46+01:00
Art O Cathain,2014-09-29 18:06:21+01:00
Art O Cathain,2014-10-04 11:45:45+01:00
Art O Cathain,2014-10-04 10:37:30+01:00
Jan Berkel,2014-12-11 21:48:22+00:00
Jan Berkel,2014-12-11 23:56:02+00:00
Jan Berkel,2014-12-12 03:23:32+00:00
Jan Berkel,2014-12-12 06:54:34+00:00
Jan Berkel,2014-12-12 12:34:57+00:00
Jan Berkel,2014-12-12 12:49:26+00:00
Jan Berkel,2014-12-12 15:02:59+00:00
Jan Berkel,2014-12-14 15:28:42+00:00
Jan Berkel,2014-12-14 15:58:08+00:00
cketti,2014-12-16 03:32:57+01:00
cketti,2014-12-12 04:40:49+01:00
cketti,2014-12-12 06:32:24+01:00
cketti,2014-12-19 23:05:58+01:00
cketti,2015-01-06 01:37:59+01:00
cketti,2015-01-06 23:48:22+01:00
cketti,2015-01-06 23:59:58+01:00
cketti,2015-01-07 02:29:56+01:00
cketti,2015-01-23 03:42:00+01:00
cketti,2015-01-24 03:06:45+01:00
cketti,2015-01-25 20:06:29+01:00
Marine,2015-02-16 14:07:41+01:00
cketti,2015-03-06 21:17:49+01:00
cketti,2015-09-04 20:44:32+02:00
cketti,2015-09-28 17:06:35+02:00
cketti,2015-09-28 18:19:27+02:00
cketti,2015-12-16 15:10:47+01:00
Vincent Breitmoser,2016-01-07 21:31:31+01:00
Vincent Breitmoser,2016-01-28 00:54:04+01:00
cketti,2016-02-17 00:13:24+01:00
cketti,2016-03-24 03:08:50+01:00
Vincent Breitmoser,2016-03-14 22:28:25+01:00
Vincent Breitmoser,2016-03-14 23:26:10+01:00
Vincent Breitmoser,2016-07-21 21:33:07+02:00
Vincent Breitmoser,2016-07-18 18:03:00+02:00
Vincent Breitmoser,2016-07-27 19:06:08+02:00
Vincent Breitmoser,2016-07-29 16:20:35+02:00
Vincent Breitmoser,2016-08-10 13:43:26+02:00
Vincent Breitmoser,2016-08-10 14:23:20+02:00
cketti,2016-08-15 11:42:47+02:00
Vincent Breitmoser,2016-12-10 16:56:11+01:00
Philip Whitehouse,2017-01-07 17:42:36+00:00
cketti,2017-01-08 08:50:10+01:00
Vincent Breitmoser,2017-01-19 15:53:28+01:00
cketti,2017-01-25 15:14:44+01:00
Philip Whitehouse,2017-01-31 12:51:47+00:00
cketti,2017-02-04 22:50:06+01:00
cketti,2017-02-06 03:55:31+01:00
Vincent Breitmoser,2017-03-02 00:56:10+01:00
Vincent Breitmoser,2017-03-02 13:14:54+01:00
cketti,2017-03-02 17:15:24+01:00
cketti,2017-03-02 18:04:53+01:00
Vincent Breitmoser,2017-03-02 20:15:00+01:00
Vincent Breitmoser,2017-08-22 16:08:59+02:00
Vincent Breitmoser,2017-08-22 16:27:09+02:00
Vincent Breitmoser,2017-08-22 16:33:19+02:00
Vincent Breitmoser,2017-08-22 16:51:51+02:00
Vincent Breitmoser,2017-08-22 21:55:29+02:00
cketti,2017-09-13 19:27:51+02:00
Andrew Gaul,2018-02-10 10:34:09-08:00
cketti,2018-02-24 22:23:44+01:00
cketti,2018-02-26 02:54:45+01:00
cketti,2018-02-26 02:57:07+01:00
cketti,2018-02-26 04:05:08+01:00
cketti,2018-02-26 16:44:27+01:00
cketti,2018-03-01 20:30:30+01:00
cketti,2018-03-05 01:46:51+01:00
cketti,2018-03-05 02:07:23+01:00
cketti,2018-03-11 01:45:00+01:00
Vincent Breitmoser,2018-03-24 02:02:18+01:00
cketti,2018-05-31 17:20:02+02:00
cketti,2018-06-21 01:53:52+02:00
cketti,2018-06-21 15:12:50+02:00
cketti,2018-06-22 14:24:19+02:00
cketti,2018-07-13 17:10:13+02:00
cketti,2018-07-22 15:37:54+02:00
cketti,2018-07-22 19:55:45+02:00
cketti,2018-07-22 20:16:34+02:00
cketti,2018-08-27 15:49:13+02:00
cketti,2018-11-08 16:19:01+01:00
cketti,2018-11-09 15:40:13+01:00
Vincent Breitmoser,2018-11-29 17:40:59+01:00
Vincent Breitmoser,2018-11-30 19:43:41+01:00
cketti,2018-12-02 18:13:38+01:00
Art O Cathain,2018-12-22 23:34:38+00:00
cketti,2019-02-09 05:23:37+01:00
cketti,2019-05-22 01:36:18+02:00
cketti,2019-11-06 17:52:34+01:00
cketti,2019-11-21 15:43:19+01:00
cketti,2020-01-02 22:07:40+01:00
cketti,2020-01-08 23:56:17+01:00
cketti,2020-01-09 00:13:26+01:00
cketti,2020-04-05 20:06:16+02:00
cketti,2020-04-08 00:33:29+02:00
cketti,2020-04-08 01:28:35+02:00
cketti,2020-04-08 18:58:45+02:00
cketti,2020-04-10 22:24:19+02:00
cketti,2020-04-24 23:09:15+02:00
cketti,2020-04-25 00:18:08+02:00
cketti,2020-04-28 20:44:48+02:00
cketti,2020-04-30 21:00:40+02:00
cketti,2020-05-29 19:32:36+02:00
cketti,2020-06-12 18:00:03+02:00
cketti,2020-06-12 18:20:51+02:00
cketti,2020-06-12 18:17:08+02:00
cketti,2020-06-12 18:38:27+02:00
cketti,2021-03-24 15:48:30+01:00
cketti,2021-04-01 02:45:33+02:00
cketti,2021-04-03 18:17:56+02:00
cketti,2021-04-08 20:40:49+02:00
Andrew Fiddian-Green,2021-08-04 11:59:57+01:00
cketti,2021-08-17 19:49:00+02:00
cketti,2021-07-18 22:57:52+02:00
cketti,2021-07-18 23:03:52+02:00
cketti,2021-07-18 23:20:20+02:00
cketti,2021-09-17 11:02:54+02:00
cketti,2021-09-21 16:33:31+02:00
cketti,2021-09-24 18:55:38+02:00
cketti,2021-12-05 21:11:17+01:00
cketti,2022-02-24 19:32:29+01:00
cketti,2022-02-24 19:56:50+01:00
cketti,2022-02-24 20:28:03+01:00
cketti,2022-02-24 20:34:45+01:00
Philip Whitehouse,2016-03-12 04:29:37+00:00
cketti,2016-03-13 13:51:07+01:00
cketti,2016-03-13 14:11:15+01:00
Philip Whitehouse,2016-03-14 10:42:01+01:00
cketti,2016-03-24 05:16:47+01:00
Philip Whitehouse,2016-04-21 01:51:02+01:00
Philip Whitehouse,2016-04-21 20:52:38+01:00
Philip Whitehouse,2016-04-23 01:20:01+01:00
cketti,2016-07-05 01:34:40+02:00
Vincent Breitmoser,2016-12-10 16:56:11+01:00
Vincent Breitmoser,2017-01-16 17:48:05+01:00
Dominik Schürmann,2017-02-05 23:31:20+01:00
Philip Whitehouse,2017-02-12 22:41:03+00:00
Philip Whitehouse,2017-02-13 23:52:31+00:00
Philip Whitehouse,2017-02-16 23:17:09+00:00
cketti,2017-01-26 22:05:15+01:00
cketti,2017-01-26 22:33:42+01:00
Vincent Breitmoser,2017-03-02 20:15:00+01:00
Vincent Breitmoser,2017-08-23 20:33:54+02:00
cketti,2017-09-13 19:27:51+02:00
Trogel,2017-09-29 22:19:16+02:00
cketti,2017-12-22 06:01:38+01:00
cketti,2018-01-06 23:52:12+01:00
cketti,2018-02-26 03:10:48+01:00
cketti,2018-02-25 01:28:42+01:00
cketti,2018-02-26 16:44:27+01:00
cketti,2018-03-01 20:30:30+01:00
cketti,2018-03-10 23:48:16+01:00
cketti,2018-03-11 00:20:51+01:00
cketti,2018-03-25 21:54:22+02:00
Vincent Breitmoser,2018-04-04 03:31:48+02:00
cketti,2018-04-16 04:28:44+02:00
cketti,2018-06-02 22:08:26+02:00
cketti,2018-06-18 18:51:25+02:00
cketti,2018-06-19 14:22:47+02:00
cketti,2018-06-21 01:53:52+02:00
cketti,2018-06-21 15:12:50+02:00
cketti,2018-06-22 14:55:24+02:00
cketti,2018-06-22 16:20:27+02:00
cketti,2018-07-06 02:02:57+02:00
cketti,2018-07-06 17:13:01+02:00
cketti,2018-07-11 19:41:13+02:00
cketti,2018-07-21 20:56:08+02:00
cketti,2018-07-22 15:37:54+02:00
cketti,2018-08-15 18:48:39+02:00
cketti,2018-08-17 18:22:53+02:00
BO41,2018-09-02 15:36:46+02:00
Vincent Breitmoser,2018-11-26 19:32:42+01:00
Vincent Breitmoser,2018-11-27 15:08:09+01:00
Vincent Breitmoser,2018-11-27 15:18:19+01:00
Vincent Breitmoser,2018-11-29 17:40:59+01:00
cketti,2018-12-02 18:13:38+01:00
Sujan Kota,2019-01-14 10:41:44-08:00
cketti,2019-11-06 17:44:08+01:00
cketti,2019-11-19 18:32:29+01:00
cketti,2020-01-09 00:17:18+01:00
cketti,2020-01-21 14:34:59+01:00
cketti,2020-01-22 16:48:03+01:00
cketti,2020-01-22 21:52:15+01:00
cketti,2020-05-01 04:07:00+02:00
cketti,2020-05-01 05:15:51+02:00
cketti,2020-05-04 11:28:06+02:00
cketti,2020-04-26 03:25:32+02:00
cketti,2020-04-30 18:03:37+02:00
cketti,2020-04-28 20:44:48+02:00
cketti,2020-05-04 16:10:26+02:00
cketti,2020-05-08 19:42:16+02:00
cketti,2020-06-26 21:30:26+02:00
cketti,2020-06-26 21:36:43+02:00
cketti,2020-10-13 02:33:50+02:00
cketti,2020-10-19 09:58:05+02:00
cketti,2020-10-19 10:22:45+02:00
cketti,2021-03-22 22:29:04+01:00
cketti,2021-03-30 15:45:38+02:00
cketti,2021-04-16 22:06:57+02:00
cketti,2021-04-17 22:54:49+02:00
cketti,2021-08-17 00:53:06+02:00
Andrew Fiddian-Green,2021-08-04 11:59:57+01:00
cketti,2021-08-17 19:49:00+02:00
cketti,2021-08-17 19:54:29+02:00
cketti,2021-09-17 10:54:58+02:00
cketti,2021-10-30 04:49:09+02:00
cketti,2022-02-17 21:30:24+01:00
cketti,2022-02-24 19:24:17+01:00
cketti,2022-02-24 19:56:50+01:00
cketti,2022-02-24 20:28:03+01:00
Jesse Vincent,2010-08-18 02:49:13+00:00
Marcus Wolschon,2010-08-18 14:27:39+00:00
Jesse Vincent,2010-08-29 16:57:13+00:00
Fiouz,2010-09-03 20:32:12+00:00
Fiouz,2010-09-04 06:57:25+00:00
Fiouz,2010-09-21 22:12:45+00:00
Fiouz,2010-09-26 16:01:41+00:00
Fiouz,2010-10-01 19:41:39+00:00
Fiouz,2010-10-03 10:56:16+00:00
Fiouz,2010-10-05 05:09:17+00:00
Jesse Vincent,2010-10-05 06:04:28+00:00
Fiouz,2010-10-05 20:23:07+00:00
Fiouz,2010-10-05 22:33:20+00:00
Fiouz,2010-10-06 17:51:35+00:00
Fiouz,2010-10-06 20:14:33+00:00
Jesse Vincent,2010-10-08 05:34:46+00:00
Fiouz,2010-10-09 09:19:24+00:00
Jesse Vincent,2010-10-11 00:08:54+00:00
Fiouz,2010-10-11 20:41:59+00:00
Jesse Vincent,2010-10-21 20:49:48+00:00
Jesse Vincent,2010-11-13 21:40:56+00:00
Jesse Vincent,2010-11-27 04:03:02+00:00
Jesse Vincent,2010-11-27 04:03:06+00:00
Jesse Vincent,2010-12-01 03:02:13+00:00
Jesse Vincent,2010-12-01 06:32:29+00:00
cketti,2011-01-19 01:28:27+00:00
Jesse Vincent,2011-02-06 17:09:48-05:00
danapple,2011-02-26 18:39:06-06:00
João Pedro Taveira,2011-04-11 20:34:23+01:00
João Pedro Taveira,2011-05-02 16:00:04+01:00
Fiouz,2011-06-02 20:30:10+02:00
Chris Banes,2011-09-01 11:57:06+01:00
Chris Banes,2011-09-02 11:33:20+01:00
Andrew Gaul,2011-09-26 21:03:13-07:00
cketti,2012-02-29 03:03:20+01:00
cketti,2012-03-07 21:52:47+01:00
Roee Shlomo,2012-08-17 17:19:26+03:00
Roee Shlomo,2012-08-17 17:29:35+03:00
Roee Shlomo,2012-08-18 20:52:32+03:00
Roee Shlomo,2012-08-31 04:35:56+03:00
cketti,2012-10-06 03:41:32+02:00
Sander Bogaert,2012-10-13 14:03:40-04:00
Sander Bogaert,2012-10-13 15:06:57-04:00
cketti,2012-10-26 02:44:40+02:00
cketti,2012-11-03 05:56:12+01:00
cketti,2013-02-02 04:13:26+01:00
cketti,2013-02-02 04:14:56+01:00
cketti,2013-02-02 04:25:39+01:00
cketti,2013-11-29 10:49:52+01:00
Rene Treffer,2014-01-26 15:13:58+01:00
cketti,2014-01-26 17:01:07+01:00
Christian Frommeyer,2014-09-07 14:39:23+02:00
Christian Frommeyer,2014-09-07 16:01:33+02:00
Jan Berkel,2014-12-12 03:23:32+00:00
Jan Berkel,2014-12-12 15:02:59+00:00
Jan Berkel,2014-12-14 15:28:42+00:00
cketti,2014-12-12 06:32:24+01:00
cketti,2014-12-19 23:05:58+01:00
Levrifon,2015-02-16 16:11:38+01:00
Art O Cathain,2015-06-13 16:47:35+01:00
Art O Cathain,2015-07-01 16:57:13+01:00
cketti,2015-07-06 20:02:19+02:00
cketti,2015-09-04 20:44:32+02:00
TETRA2000,2016-01-15 08:11:05+09:00
cketti,2016-02-17 00:13:24+01:00
Vincent Breitmoser,2016-07-29 20:24:45+02:00
Vincent Breitmoser,2016-10-11 13:55:25+02:00
cketti,2017-01-26 20:43:12+01:00
cketti,2017-01-26 21:16:41+01:00
cketti,2017-01-26 21:21:49+01:00
Philip Whitehouse,2017-02-04 15:56:14+00:00
cketti,2017-01-26 22:05:15+01:00
Vincent Breitmoser,2017-03-02 00:56:10+01:00
Vincent Breitmoser,2017-03-02 13:14:54+01:00
cketti,2017-03-02 17:15:24+01:00
cketti,2017-03-02 18:04:53+01:00
Vincent Breitmoser,2017-08-22 16:27:09+02:00
cketti,2018-03-01 20:30:30+01:00
cketti,2018-03-10 23:48:16+01:00
cketti,2018-06-21 01:53:52+02:00
cketti,2018-06-21 15:12:50+02:00
cketti,2018-06-22 14:55:24+02:00
cketti,2018-06-30 11:28:34+02:00
cketti,2018-06-30 19:57:13+02:00
cketti,2018-07-01 00:23:57+02:00
cketti,2018-07-01 00:32:31+02:00
cketti,2018-07-07 18:51:30+02:00
BO41,2018-09-02 21:00:20+02:00
cketti,2019-11-06 16:11:33+01:00
cketti,2019-11-06 16:26:39+01:00
cketti,2019-11-06 17:52:34+01:00
cketti,2020-01-22 17:02:16+01:00
cketti,2020-04-25 23:04:31+02:00
cketti,2020-04-25 23:45:22+02:00
cketti,2020-04-27 03:44:29+02:00
cketti,2020-06-12 17:54:36+02:00
cketti,2020-06-12 18:09:37+02:00
Tobias Preuss,2020-07-08 13:58:07+02:00
cketti,2021-09-17 10:47:03+02:00
cketti,2021-09-29 15:22:49+02:00
cketti,2022-02-08 01:08:54+01:00
cketti,2022-02-08 01:34:00+01:00
cketti,2022-02-24 20:28:03+01:00
cketti,2017-12-22 06:01:38+01:00
cketti,2018-01-06 23:04:56+01:00
cketti,2018-02-10 20:18:10+01:00
cketti,2018-02-26 03:10:48+01:00
cketti,2018-02-26 16:44:27+01:00
cketti,2018-03-01 20:30:30+01:00
cketti,2018-03-05 18:54:10+01:00
cketti,2018-03-10 23:48:16+01:00
cketti,2018-03-12 02:44:00+01:00
cketti,2018-05-27 18:46:51+02:00
cketti,2018-05-27 18:56:53+02:00
cketti,2018-05-27 19:32:49+02:00
cketti,2018-05-27 21:30:56+02:00
cketti,2018-05-27 21:38:02+02:00
cketti,2018-05-27 22:09:22+02:00
cketti,2018-05-27 22:20:56+02:00
cketti,2018-05-27 22:31:15+02:00
cketti,2018-05-27 22:45:16+02:00
cketti,2018-05-27 22:50:12+02:00
cketti,2018-05-29 15:34:21+02:00
cketti,2018-05-30 16:24:02+02:00
cketti,2018-05-31 17:20:02+02:00
cketti,2018-06-02 13:57:47+02:00
cketti,2018-06-02 14:06:29+02:00
cketti,2018-06-02 14:26:03+02:00
cketti,2018-06-02 15:13:18+02:00
cketti,2018-06-02 15:46:16+02:00
cketti,2018-06-02 22:08:26+02:00
cketti,2018-06-18 02:17:56+02:00
cketti,2019-12-01 14:21:28+01:00
cketti,2019-12-01 14:25:02+01:00
cketti,2019-12-17 02:59:14+01:00
cketti,2019-12-18 01:13:57+01:00
cketti,2019-12-18 01:53:12+01:00
cketti,2020-01-22 17:02:16+01:00
cketti,2020-01-22 17:16:06+01:00
cketti,2020-01-26 05:40:25+01:00
cketti,2020-02-04 19:27:50+01:00
cketti,2020-02-05 01:27:06+01:00
cketti,2020-03-31 17:26:47+02:00
cketti,2020-04-05 19:40:23+02:00
cketti,2020-05-01 05:15:51+02:00
cketti,2020-08-26 18:23:18+02:00
cketti,2020-08-26 20:54:20+02:00
cketti,2020-10-16 16:30:51+02:00
cketti,2021-05-10 00:41:34+02:00
cketti,2021-06-03 15:35:28+02:00
cketti,2022-01-05 01:29:40+01:00
cketti,2022-02-24 19:32:29+01:00
cketti,2022-02-24 19:56:50+01:00
cketti,2021-06-03 21:31:18+02:00
cketti,2022-01-05 01:01:27+01:00
cketti,2022-02-24 19:56:50+01:00
cketti,2017-12-22 06:01:38+01:00
cketti,2018-01-06 23:04:56+01:00
cketti,2018-02-10 20:18:10+01:00
cketti,2018-02-26 03:10:48+01:00
cketti,2018-02-26 16:44:27+01:00
cketti,2018-03-01 20:30:30+01:00
cketti,2018-03-05 18:54:10+01:00
cketti,2018-03-10 23:48:16+01:00
cketti,2018-03-12 02:44:00+01:00
cketti,2018-05-27 18:46:51+02:00
cketti,2018-05-27 18:56:53+02:00
cketti,2018-05-27 19:32:49+02:00
cketti,2018-05-27 21:30:56+02:00
cketti,2018-05-27 21:38:02+02:00
cketti,2018-05-27 22:09:22+02:00
cketti,2018-05-27 22:20:56+02:00
cketti,2018-05-27 22:31:15+02:00
cketti,2018-05-27 22:45:16+02:00
cketti,2018-05-27 22:50:12+02:00
cketti,2018-05-29 15:34:21+02:00
cketti,2018-05-30 16:24:02+02:00
cketti,2018-05-31 17:20:02+02:00
cketti,2018-06-02 13:57:47+02:00
cketti,2018-06-02 14:06:29+02:00
cketti,2018-06-02 14:26:03+02:00
cketti,2018-06-02 15:13:18+02:00
cketti,2018-06-02 15:46:16+02:00
cketti,2018-06-02 22:08:26+02:00
cketti,2019-12-01 14:21:28+01:00
cketti,2019-12-01 14:25:02+01:00
cketti,2020-01-22 17:02:16+01:00
cketti,2020-01-22 17:16:06+01:00
cketti,2020-01-26 06:05:21+01:00
cketti,2020-02-04 19:27:50+01:00
cketti,2020-02-05 01:27:06+01:00
cketti,2020-05-01 05:15:51+02:00
cketti,2021-03-31 17:59:12+02:00
cketti,2021-05-10 00:41:34+02:00
cketti,2022-02-24 19:32:29+01:00
cketti,2022-02-24 19:56:50+01:00
cketti,2017-12-22 06:01:38+01:00
cketti,2018-01-06 23:04:56+01:00
cketti,2018-02-10 20:18:10+01:00
cketti,2018-02-26 03:10:48+01:00
cketti,2018-02-26 16:44:27+01:00
cketti,2018-03-01 20:30:30+01:00
cketti,2018-03-05 18:54:10+01:00
cketti,2018-03-10 23:48:16+01:00
cketti,2018-03-12 02:44:00+01:00
cketti,2018-05-27 18:46:51+02:00
cketti,2018-05-27 18:56:53+02:00
cketti,2018-05-27 19:32:49+02:00
cketti,2018-05-27 21:30:56+02:00
cketti,2018-05-27 21:38:02+02:00
cketti,2018-05-27 22:09:22+02:00
cketti,2018-05-27 22:20:56+02:00
cketti,2018-05-27 22:31:15+02:00
cketti,2018-05-27 22:45:16+02:00
cketti,2018-05-27 22:50:12+02:00
cketti,2018-05-29 15:34:21+02:00
cketti,2018-05-30 16:24:02+02:00
cketti,2018-05-31 17:20:02+02:00
cketti,2018-06-02 13:57:47+02:00
cketti,2018-06-02 14:06:29+02:00
cketti,2018-06-02 14:26:03+02:00
cketti,2018-06-02 15:13:18+02:00
cketti,2018-06-02 15:46:16+02:00
cketti,2018-06-02 22:08:26+02:00
cketti,2019-12-01 14:21:28+01:00
cketti,2019-12-01 14:25:02+01:00
cketti,2020-01-22 17:02:16+01:00
cketti,2020-01-22 17:16:06+01:00
cketti,2020-01-26 06:35:43+01:00
cketti,2020-02-04 19:27:50+01:00
cketti,2020-02-05 01:27:06+01:00
cketti,2020-05-01 05:15:51+02:00
cketti,2021-03-31 17:47:57+02:00
cketti,2021-05-10 00:41:34+02:00
cketti,2022-02-24 19:32:29+01:00
cketti,2022-02-24 19:56:50+01:00
Jesse Vincent,2008-10-28 01:04:44+00:00
Jesse Vincent,2008-10-28 01:19:26+00:00
Jesse Vincent,2008-10-28 01:19:57+00:00
Jesse Vincent,2008-10-28 01:22:17+00:00
Jesse Vincent,2008-11-01 21:23:45+00:00
Jesse Vincent,2008-11-01 21:32:06+00:00
Jesse Vincent,2008-12-16 23:07:33+00:00
Jesse Vincent,2008-12-16 23:08:52+00:00
Jesse Vincent,2008-12-16 23:09:23+00:00
Jesse Vincent,2008-12-16 23:34:01+00:00
Daniel Applebaum,2009-10-22 00:41:06+00:00
Jesse Vincent,2009-11-25 00:40:29+00:00
Jesse Vincent,2009-12-15 02:50:53+00:00
cketti,2010-05-19 18:17:06+00:00
Fiouz,2010-12-19 11:51:54+00:00
Jesse Vincent,2010-12-24 18:55:05+00:00
Jesse Vincent,2011-02-06 17:09:48-05:00
danapple,2011-02-26 18:39:06-06:00
Jan Berkel,2014-12-12 03:23:32+00:00
Jan Berkel,2014-12-12 12:49:26+00:00
Jan Berkel,2014-12-12 15:02:59+00:00
cketti,2014-12-19 23:05:58+01:00
cketti,2014-12-20 01:09:49+01:00
Vincent Breitmoser,2016-01-07 21:31:31+01:00
cketti,2018-05-23 20:26:10+02:00
cketti,2022-02-24 19:32:29+01:00
cketti,2022-02-24 19:56:50+01:00
cketti,2016-02-01 21:09:31+01:00
cketti,2016-02-01 21:16:26+01:00
cketti,2016-02-01 21:21:40+01:00
cketti,2016-02-01 21:22:52+01:00
cketti,2016-02-01 21:33:30+01:00
cketti,2016-02-03 21:51:42+01:00
cketti,2016-02-03 21:53:14+01:00
cketti,2016-02-04 02:11:13+01:00
cketti,2016-02-09 04:46:07+01:00
cketti,2016-02-09 05:00:07+01:00
cketti,2016-02-09 05:01:04+01:00
cketti,2016-02-09 05:48:22+01:00
cketti,2016-02-09 05:57:58+01:00
cketti,2016-02-09 06:47:51+01:00
cketti,2016-02-09 07:38:53+01:00
cketti,2016-02-09 18:42:04+01:00
cketti,2016-02-09 19:03:12+01:00
cketti,2016-02-09 21:41:55+01:00
cketti,2016-02-11 21:48:17+01:00
cketti,2016-02-24 11:31:36+01:00
Vincent Breitmoser,2016-08-08 21:49:32+02:00
Vincent Breitmoser,2016-08-10 14:23:20+02:00
cketti,2016-08-15 11:42:47+02:00
cketti,2016-08-15 11:48:17+02:00
Philip Whitehouse,2016-09-30 22:51:36+02:00
Sebastian Kürten,2017-02-06 08:48:24+01:00
Philip Whitehouse,2017-03-17 18:26:06+00:00
Philip Whitehouse,2017-03-18 17:47:32+00:00
Philip Whitehouse,2017-03-18 18:08:46+00:00
harjot-oberai,2017-03-02 04:36:28+05:18
cketti,2017-03-26 08:33:28+02:00
Hari,2017-06-12 11:05:12+05:18
cketti,2017-11-09 06:09:10+01:00
Hari,2017-11-11 02:19:13+05:18
cketti,2018-02-26 03:52:26+01:00
cketti,2018-02-26 03:55:01+01:00
cketti,2018-02-26 04:05:08+01:00
cketti,2018-03-01 20:30:30+01:00
cketti,2018-03-01 21:56:30+01:00
cketti,2018-03-12 02:44:00+01:00
